{
  "type": "FeatureCollection",
  "features": [
    {
      "type": "Feature",
      "geometry": {
        "bbox": [
          -3.6804262774953527,
          53.74912069876395,
          -3.4969769887719586,
          53.83783451097356
        ],
        "type": "Polygon",
        "coordinates": [
          [
            [
              -3.6087950350657874,
              53.836386751522596
            ],
            [
              -3.5710269179449194,
              53.82824512453476
            ],
            [
              -3.4966688751616015,
              53.829196380390755
            ],
            [
              -3.4940178988054362,
              53.75465877511569
            ],
            [
              -3.6013337971146377,
              53.75020385172732
            ],
            [
              -3.6816369861307203,
              53.77941983029834
            ],
            [
              -3.6087950350657874,
              53.836386751522596
            ]
          ]
        ]
      },
      "properties": {
        "caseReference": "EN010121",
        "projectName": "Morecambe Offshore Windfarm Generation Assets",
        "fileName": "232_EN010121.geojson",
        "receivedDate": "2026-09-02T10:54:29.000Z"
      }
    },
    {
      "type": "Feature",
      "geometry": {
        "bbox": [
          -0.2962156176428815,
          53.68853632566027,
          -0.20535662863660845,
          53.72439056329445
        ],
        "type": "Polygon",
        "coordinates": [
          [
            [
              -0.21129816603932877,
              53.70932205832134
            ],
            [
              -0.2698780494538296,
              53.69589343266111
            ],
            [
              -0.27113439769853853,
              53.69559438608326
            ],
            [
              -0.27228516377176243,
              53.6953204556928
            ],
            [
              -0.274732280989779,
              53.69473789073184
            ],
            [
              -0.2736668164009177,
              53.69352422018936
            ],
            [
              -0.27480821051847265,
              53.69320849170501
            ],
            [
              -0.27593533618920574,
              53.692879755380275
            ],
            [
              -0.2769243241096062,
              53.69259527148535
            ],
            [
              -0.27758739370994573,
              53.69237863699922
            ],
            [
              -0.27790929253888347,
              53.69230874405428
            ],
            [
              -0.2782745666316541,
              53.69218171734915
            ],
            [
              -0.2787141749009485,
              53.69205539824045
            ],
            [
              -0.2789334943584646,
              53.69199202886226
            ],
            [
              -0.2794908124035896,
              53.6918314859034
            ],
            [
              -0.2798845815051938,
              53.69173529250466
            ],
            [
              -0.2802743264746853,
              53.69160586944389
            ],
            [
              -0.2807271398730908,
              53.691474833428934
            ],
            [
              -0.28121342075060723,
              53.691349399897604
            ],
            [
              -0.2815519379758201,
              53.691250430527504
            ],
            [
              -0.28182792181136207,
              53.691156586027375
            ],
            [
              -0.28212562114486883,
              53.69109105408841
            ],
            [
              -0.293025171687539,
              53.68849089832347
            ],
            [
              -0.2961437332268409,
              53.69031666165114
            ],
            [
              -0.29480427057343117,
              53.69176218711867
            ],
            [
              -0.2935216898041228,
              53.69307708933063
            ],
            [
              -0.2927885815321141,
              53.69363270867012
            ],
            [
              -0.2919392161686205,
              53.69430108334173
            ],
            [
              -0.2910593665668103,
              53.6949396110352
            ],
            [
              -0.2903606952092731,
              53.695453537226555
            ],
            [
              -0.2884334060496132,
              53.69696562310873
            ],
            [
              -0.2878600281969076,
              53.696343147970175
            ],
            [
              -0.2874004485526787,
              53.69591310662357
            ],
            [
              -0.2870026916502888,
              53.6955162490544
            ],
            [
              -0.2863799733215844,
              53.69491991655396
            ],
            [
              -0.28598102726947194,
              53.69451971920281
            ],
            [
              -0.2853092935160359,
              53.693864481025635
            ],
            [
              -0.2849743208143688,
              53.69398773800905
            ],
            [
              -0.28481071307147765,
              53.69403870193836
            ],
            [
              -0.2844534997683596,
              53.69414824492455
            ],
            [
              -0.28417686555424326,
              53.694213050726546
            ],
            [
              -0.28373905120197923,
              53.694367731934996
            ],
            [
              -0.2835551783987717,
              53.69442343781038
            ],
            [
              -0.28309728339421675,
              53.694563401088516
            ],
            [
              -0.2763913968317314,
              53.69662763316508
            ],
            [
              -0.27535490856735395,
              53.695410051338925
            ],
            [
              -0.2702222021220924,
              53.69698818732761
            ],
            [
              -0.2701361495544127,
              53.69679775433117
            ],
            [
              -0.2150863283829028,
              53.709421313322125
            ],
            [
              -0.21554908156605784,
              53.709654346561564
            ],
            [
              -0.21581603671457092,
              53.70978565747458
            ],
            [
              -0.21612169204322013,
              53.70992091508802
            ],
            [
              -0.21655695071652803,
              53.710140983577034
            ],
            [
              -0.2166912442470644,
              53.710206223110525
            ],
            [
              -0.2167425751436774,
              53.710203481357404
            ],
            [
              -0.21688300717185707,
              53.71027227296179
            ],
            [
              -0.2169074612968531,
              53.71032104479872
            ],
            [
              -0.21748816951930267,
              53.71060615541289
            ],
            [
              -0.21737835211790607,
              53.71082745811987
            ],
            [
              -0.21712145820723155,
              53.71090049443834
            ],
            [
              -0.21679370189544508,
              53.71096869989116
            ],
            [
              -0.21631607083017734,
              53.71106051752908
            ],
            [
              -0.21583843772323597,
              53.711152333244335
            ],
            [
              -0.21548532181508775,
              53.71122173059795
            ],
            [
              -0.21513220476548658,
              53.71129112690041
            ],
            [
              -0.21507748181588537,
              53.7113059531076
            ],
            [
              -0.21503309825452735,
              53.711377206918776
            ],
            [
              -0.21448741095146928,
              53.7114853977399
            ],
            [
              -0.21453104159611597,
              53.71164061602568
            ],
            [
              -0.2149605747586241,
              53.71192745545494
            ],
            [
              -0.21510616716027717,
              53.71191166791292
            ],
            [
              -0.21569187580674795,
              53.71161544721968
            ],
            [
              -0.21785032822790829,
              53.7126276826727
            ],
            [
              -0.21546288896554633,
              53.71381431428034
            ],
            [
              -0.21528764646700496,
              53.713920288770666
            ],
            [
              -0.214890887293481,
              53.71414232550137
            ],
            [
              -0.21431973979092922,
              53.714410516845746
            ],
            [
              -0.2133725502280143,
              53.71484934828439
            ],
            [
              -0.21304378716872335,
              53.71500758465058
            ],
            [
              -0.21332785260775383,
              53.71621764101624
            ],
            [
              -0.21342741236763452,
              53.71645845828083
            ],
            [
              -0.2134770800692186,
              53.71701006836381
            ],
            [
              -0.21374254937347706,
              53.7170146559707
            ],
            [
              -0.21394411407221078,
              53.71738721698738
            ],
            [
              -0.21399555485991212,
              53.7177155313802
            ],
            [
              -0.2139797465206714,
              53.718088629640384
            ],
            [
              -0.21396304298448462,
              53.718482846621484
            ],
            [
              -0.21400152213614823,
              53.71867787595692
            ],
            [
              -0.2142304305874571,
              53.71918333003562
            ],
            [
              -0.21440933544652482,
              53.71937912318054
            ],
            [
              -0.2145166688148832,
              53.719500214382265
            ],
            [
              -0.21453950223751,
              53.71954422926347
            ],
            [
              -0.2145521475203094,
              53.719589665762946
            ],
            [
              -0.21455437483810982,
              53.71963569820188
            ],
            [
              -0.2145461436816481,
              53.7196814900691
            ],
            [
              -0.21452760359606107,
              53.71972620922261
            ],
            [
              -0.21449909146588295,
              53.71976904301145
            ],
            [
              -0.21446112539513792,
              53.71980921304369
            ],
            [
              -0.21441439529405998,
              53.71984598933217
            ],
            [
              -0.21435975034317997,
              53.7198787035606
            ],
            [
              -0.21430851541705723,
              53.71997351641806
            ],
            [
              -0.21426804012282713,
              53.720070142643344
            ],
            [
              -0.21423850425806962,
              53.72016815318487
            ],
            [
              -0.21422003904889497,
              53.72026711284132
            ],
            [
              -0.21421272656595858,
              53.72036658219395
            ],
            [
              -0.21421659935860907,
              53.72046611955751
            ],
            [
              -0.21423164030903896,
              53.720565282941955
            ],
            [
              -0.21425778270685197,
              53.720663632014535
            ],
            [
              -0.21429491054386568,
              53.720760730055396
            ],
            [
              -0.21434285902800324,
              53.720856145897045
            ],
            [
              -0.21440141531362886,
              53.72094945583877
            ],
            [
              -0.21447031944558678,
              53.72104024552865
            ],
            [
              -0.21472381207660166,
              53.72132634186524
            ],
            [
              -0.21492263737913164,
              53.7216500392784
            ],
            [
              -0.21502616529243967,
              53.721896617250245
            ],
            [
              -0.2151665619883933,
              53.722185050536694
            ],
            [
              -0.21536845817738506,
              53.72254283399218
            ],
            [
              -0.21551267182860337,
              53.72276696755687
            ],
            [
              -0.2156607361419511,
              53.72300931896814
            ],
            [
              -0.21591775709981811,
              53.72332012188244
            ],
            [
              -0.21610754490619066,
              53.72355873322394
            ],
            [
              -0.21628171341315064,
              53.72376890513474
            ],
            [
              -0.2163988365607059,
              53.72388450879387
            ],
            [
              -0.21660092428748332,
              53.72405211900935
            ],
            [
              -0.21696784973566935,
              53.724489157811554
            ],
            [
              -0.2166952330616787,
              53.72455986129152
            ],
            [
              -0.21634103352085232,
              53.724145564800466
            ],
            [
              -0.2161452963119872,
              53.72398322078454
            ],
            [
              -0.2160153711872506,
              53.72385498044544
            ],
            [
              -0.21583449815656774,
              53.72363671639929
            ],
            [
              -0.21564465855037873,
              53.72339803798389
            ],
            [
              -0.21538141787191126,
              53.72307971127924
            ],
            [
              -0.21522863033087003,
              53.722829626182296
            ],
            [
              -0.21508308536636503,
              53.722603421119175
            ],
            [
              -0.21487717558745928,
              53.722238520687924
            ],
            [
              -0.21473346430161325,
              53.72194327365017
            ],
            [
              -0.21463244245593346,
              53.72170266057326
            ],
            [
              -0.21444607167074006,
              53.72139923639474
            ],
            [
              -0.2142071612606587,
              53.721129595827605
            ],
            [
              -0.21376210221520447,
              53.72070477378639
            ],
            [
              -0.21349946772307582,
              53.72045912844909
            ],
            [
              -0.21326262135247664,
              53.71988149464646
            ],
            [
              -0.21353986353631702,
              53.719848322966776
            ],
            [
              -0.21409338412821952,
              53.71975103986158
            ],
            [
              -0.21380468221050328,
              53.71923331369666
            ],
            [
              -0.2136567345613965,
              53.71881352524505
            ],
            [
              -0.21363329425490757,
              53.71842797126376
            ],
            [
              -0.21362065556090493,
              53.71813071896824
            ],
            [
              -0.21361803295406898,
              53.717856773552384
            ],
            [
              -0.21359561591917645,
              53.71751726768717
            ],
            [
              -0.21354683172420214,
              53.71730005326363
            ],
            [
              -0.21349198619275694,
              53.71717613405056
            ],
            [
              -0.2133704454695505,
              53.717146089863355
            ],
            [
              -0.21324094993424558,
              53.71712632805682
            ],
            [
              -0.21318092263400182,
              53.71700507688255
            ],
            [
              -0.2131922136191684,
              53.71691609252158
            ],
            [
              -0.2131373496069901,
              53.71657735907457
            ],
            [
              -0.21313919198489426,
              53.71645930467417
            ],
            [
              -0.21279119449488515,
              53.71515306191256
            ],
            [
              -0.21217936315477348,
              53.71491152211631
            ],
            [
              -0.21144911306459901,
              53.71462322509488
            ],
            [
              -0.2107658553623958,
              53.71435347273826
            ],
            [
              -0.20991097826824942,
              53.71401595419304
            ],
            [
              -0.20935765699541614,
              53.71379748839458
            ],
            [
              -0.20863084095978954,
              53.71351051501276
            ],
            [
              -0.20847661827939543,
              53.71339256448231
            ],
            [
              -0.20591832794291184,
              53.711195385341455
            ],
            [
              -0.20596457922141714,
              53.71113935486249
            ],
            [
              -0.20729510125077022,
              53.71096204538839
            ],
            [
              -0.2078403231506108,
              53.710888264748846
            ],
            [
              -0.20796069615242066,
              53.710860085817124
            ],
            [
              -0.2083121895156455,
              53.71072034426944
            ],
            [
              -0.20866368056161883,
              53.710580601668376
            ],
            [
              -0.20885338993417088,
              53.71050212915721
            ],
            [
              -0.20901493778560695,
              53.71040885229316
            ],
            [
              -0.20915519926744477,
              53.710260196937455
            ],
            [
              -0.20922436121906657,
              53.710155155920326
            ],
            [
              -0.20925624534031548,
              53.7100894256144
            ],
            [
              -0.2092425529573153,
              53.70999083196423
            ],
            [
              -0.20894291375232077,
              53.70973941365147
            ],
            [
              -0.20873944440339595,
              53.709549796415565
            ],
            [
              -0.20847434412655358,
              53.709004490424114
            ],
            [
              -0.2083406342760463,
              53.70865131973271
            ],
            [
              -0.20822848421679147,
              53.70848257430043
            ],
            [
              -0.20801914317588416,
              53.70810867504328
            ],
            [
              -0.20769851341565101,
              53.708210732449515
            ],
            [
              -0.2076049336266293,
              53.707979428008436
            ],
            [
              -0.20805614754962806,
              53.707908721122195
            ],
            [
              -0.20817112971984386,
              53.70788072987636
            ],
            [
              -0.2086127672828767,
              53.70808062234306
            ],
            [
              -0.20985841099217675,
              53.708602077910406
            ],
            [
              -0.21129816603932877,
              53.70932205832134
            ]
          ]
        ]
      },
      "properties": {
        "caseReference": "EN060004",
        "projectName": "River Humber Gas Pipeline Replacement Project",
        "fileName": "263_EN060004.geojson",
        "receivedDate": "2026-09-02T13:12:51.000Z"
      }
    },
    {
      "type": "Feature",
      "geometry": {
        "bbox": [
          0.2714854892573539,
          51.5336007241707,
          0.274776165252146,
          51.537941362217516
        ],
        "type": "Polygon",
        "coordinates": [
          [
            [
              0.2730022533254459,
              51.53447881940436
            ],
            [
              0.2729487687981537,
              51.53465676003432
            ],
            [
              0.2729456916931479,
              51.53466700604445
            ],
            [
              0.27292266450625524,
              51.53474360416799
            ],
            [
              0.27291849351207303,
              51.534757479369716
            ],
            [
              0.2729175758237581,
              51.5347605062134
            ],
            [
              0.2729100154550311,
              51.53478545093951
            ],
            [
              0.2728755213106764,
              51.534899262199026
            ],
            [
              0.27287481032926275,
              51.53490105479345
            ],
            [
              0.2728060005597126,
              51.53512859467436
            ],
            [
              0.272799818815511,
              51.535148912753954
            ],
            [
              0.27276560832403585,
              51.53526139470428
            ],
            [
              0.2726188335362789,
              51.53571910493526
            ],
            [
              0.27259842047255545,
              51.53578680410687
            ],
            [
              0.2725453237081054,
              51.535962890719865
            ],
            [
              0.27252378307787156,
              51.53602885898594
            ],
            [
              0.2725105425704889,
              51.53606941227658
            ],
            [
              0.2725891328226231,
              51.53613021102382
            ],
            [
              0.27259363372301,
              51.53613372101405
            ],
            [
              0.27259534290125914,
              51.53613908369815
            ],
            [
              0.2725956509108894,
              51.53614816066293
            ],
            [
              0.272590291260867,
              51.53615635821582
            ],
            [
              0.2725834954630274,
              51.536164673525654
            ],
            [
              0.27257529932391844,
              51.536173825338594
            ],
            [
              0.27257111621073166,
              51.53617669422213
            ],
            [
              0.27256841400260917,
              51.536180343781574
            ],
            [
              0.27255869750268835,
              51.536185028550584
            ],
            [
              0.2725420509146874,
              51.536195333327264
            ],
            [
              0.27244842073781717,
              51.53626972098826
            ],
            [
              0.2723268915433845,
              51.53636011705498
            ],
            [
              0.2722004308806941,
              51.53647021327223
            ],
            [
              0.27201894944497274,
              51.53663083669519
            ],
            [
              0.2718895729445099,
              51.53674611505631
            ],
            [
              0.2718757079663042,
              51.5367572651546
            ],
            [
              0.27187165004567304,
              51.53676264962753
            ],
            [
              0.2718706345381011,
              51.53676426465637
            ],
            [
              0.27186363264315144,
              51.536775395126384
            ],
            [
              0.2718610100104013,
              51.53678353962765
            ],
            [
              0.27185234308594486,
              51.53681509307883
            ],
            [
              0.27185143939489465,
              51.53682590218436
            ],
            [
              0.2718505804495201,
              51.5368376097232
            ],
            [
              0.2718495282187587,
              51.53684833177588
            ],
            [
              0.2718485797805936,
              51.53685824244795
            ],
            [
              0.2718475015786748,
              51.53686554766328
            ],
            [
              0.27184502300284014,
              51.53687368937367
            ],
            [
              0.27182812040583093,
              51.5369396656786
            ],
            [
              0.2718244696496912,
              51.53695322589362
            ],
            [
              0.2718220259833261,
              51.53696496412745
            ],
            [
              0.27181990983777277,
              51.53698038314752
            ],
            [
              0.27181783396200854,
              51.5369966107576
            ],
            [
              0.2718154448656834,
              51.537006549334066
            ],
            [
              0.27181458590909136,
              51.537018256872486
            ],
            [
              0.27181363746097476,
              51.53702816754416
            ],
            [
              0.2718139855976975,
              51.53703805310157
            ],
            [
              0.2718129924035384,
              51.53704706533985
            ],
            [
              0.27181339511420366,
              51.53705515124005
            ],
            [
              0.2718110060142471,
              51.5370650898164
            ],
            [
              0.2718100128190748,
              51.537074102054646
            ],
            [
              0.2718009530819049,
              51.53712382896958
            ],
            [
              0.27179520778685967,
              51.53718509265525
            ],
            [
              0.2717880232365608,
              51.53723057452283
            ],
            [
              0.27178194164587627,
              51.5372690744439
            ],
            [
              0.271775736076391,
              51.53731840433795
            ],
            [
              0.271772458450588,
              51.53734446658623
            ],
            [
              0.2717719067344976,
              51.537348850568456
            ],
            [
              0.2717716113566816,
              51.53735120076479
            ],
            [
              0.2717709097488906,
              51.53735741053143
            ],
            [
              0.2717705998857821,
              51.53736016479402
            ],
            [
              0.27177031282165837,
              51.53736271087673
            ],
            [
              0.27176942562671413,
              51.537370579849295
            ],
            [
              0.2717690278241873,
              51.53737411640762
            ],
            [
              0.2717688451810047,
              51.53737571890066
            ],
            [
              0.2717629071352723,
              51.53742830717106
            ],
            [
              0.27176186676879616,
              51.53743753075816
            ],
            [
              0.2717616294986097,
              51.537439628924254
            ],
            [
              0.2717607816715606,
              51.53744713021973
            ],
            [
              0.2717605708959566,
              51.53744900754415
            ],
            [
              0.27176034342350647,
              51.537451012892575
            ],
            [
              0.27176007346671854,
              51.53745341025935
            ],
            [
              0.2717599654392499,
              51.537454368307635
            ],
            [
              0.27175986815812353,
              51.537455223627575
            ],
            [
              0.271759824054125,
              51.53745561208012
            ],
            [
              0.2717596860960525,
              51.53745683780022
            ],
            [
              0.27175960831235724,
              51.53745753446573
            ],
            [
              0.27175950403399574,
              51.537458451972874
            ],
            [
              0.2717594840084319,
              51.53745857106837
            ],
            [
              0.2717593562401293,
              51.537459306472606
            ],
            [
              0.2717593359013447,
              51.53745941927903
            ],
            [
              0.2717588270383042,
              51.5374623473637
            ],
            [
              0.27175848044693246,
              51.53746433523471
            ],
            [
              0.27175714981827537,
              51.53747198707161
            ],
            [
              0.2717560222461129,
              51.53747650631083
            ],
            [
              0.2717556798484813,
              51.537477883475894
            ],
            [
              0.27175354374848304,
              51.53748644571736
            ],
            [
              0.27175120001446484,
              51.5374973537576
            ],
            [
              0.271750031641256,
              51.53750279107296
            ],
            [
              0.27174660454734245,
              51.537520843451794
            ],
            [
              0.2717402415420468,
              51.53754075129565
            ],
            [
              0.27173258193135597,
              51.53756068425266
            ],
            [
              0.27171872409533265,
              51.53760380520408
            ],
            [
              0.2717087342369109,
              51.53763488874822
            ],
            [
              0.2717001373419301,
              51.537658240109636
            ],
            [
              0.27169749791544573,
              51.53766541188835
            ],
            [
              0.2716934821233614,
              51.53767636400307
            ],
            [
              0.2716917400457205,
              51.5376810534202
            ],
            [
              0.2716912980679413,
              51.53768225535164
            ],
            [
              0.27169035679915765,
              51.537684811406976
            ],
            [
              0.27169012186449804,
              51.53768545086307
            ],
            [
              0.2716900431025478,
              51.53768566462333
            ],
            [
              0.2716896734439281,
              51.53768666820737
            ],
            [
              0.2716890611909606,
              51.53768833118046
            ],
            [
              0.27168906225596845,
              51.53768838152062
            ],
            [
              0.2716890423909277,
              51.53768841697805
            ],
            [
              0.272231763268993,
              51.53784068549919
            ],
            [
              0.27253847027920575,
              51.53792673536909
            ],
            [
              0.27280817116849326,
              51.53797951430155
            ],
            [
              0.2728994662489987,
              51.53797396810071
            ],
            [
              0.27295499173626064,
              51.537953826916024
            ],
            [
              0.2729904970393799,
              51.537931285856
            ],
            [
              0.27356739947310704,
              51.537171886588816
            ],
            [
              0.2742613721791334,
              51.53647316529842
            ],
            [
              0.27437445619111317,
              51.536294439796784
            ],
            [
              0.2744474186604068,
              51.5361324098453
            ],
            [
              0.27445734022428425,
              51.53609693428645
            ],
            [
              0.2746347913975574,
              51.53546248790211
            ],
            [
              0.27463703934561695,
              51.53545459071301
            ],
            [
              0.27464986942753344,
              51.53540871047194
            ],
            [
              0.27464323604579954,
              51.53535867612808
            ],
            [
              0.2745629108090536,
              51.535283613507886
            ],
            [
              0.2745398594711419,
              51.53526207264539
            ],
            [
              0.274483113086755,
              51.53528367717464
            ],
            [
              0.2743202132498496,
              51.5351630923443
            ],
            [
              0.273975717723934,
              51.53491419079356
            ],
            [
              0.2736035087472248,
              51.53466465639111
            ],
            [
              0.2735792175525702,
              51.53465077174236
            ],
            [
              0.27358724598039613,
              51.53464700182193
            ],
            [
              0.2736128664323063,
              51.5346307053525
            ],
            [
              0.2736225619583911,
              51.53462453795172
            ],
            [
              0.2735248040179447,
              51.53456476164569
            ],
            [
              0.27349719852592874,
              51.53454788180568
            ],
            [
              0.27349212687419133,
              51.5345447804044
            ],
            [
              0.2734258853912963,
              51.53450327480552
            ],
            [
              0.27339522959036605,
              51.534484067324286
            ],
            [
              0.2733808028085764,
              51.53447110476263
            ],
            [
              0.2733544717442868,
              51.53444744643929
            ],
            [
              0.2733370337576003,
              51.53442449255443
            ],
            [
              0.2733347600440859,
              51.53441272071494
            ],
            [
              0.2733327586601189,
              51.53440236269321
            ],
            [
              0.2733328895016827,
              51.53439390583202
            ],
            [
              0.2733331344569967,
              51.5343780742925
            ],
            [
              0.2733354404013934,
              51.53435779533256
            ],
            [
              0.27334488003082225,
              51.534315445057224
            ],
            [
              0.27334554237389574,
              51.53431247441922
            ],
            [
              0.27336222519417414,
              51.534237635003386
            ],
            [
              0.2733636063077802,
              51.53423143723196
            ],
            [
              0.2733687871772019,
              51.534209647476985
            ],
            [
              0.2733801714287125,
              51.5341617602808
            ],
            [
              0.2734422828881425,
              51.53390049836314
            ],
            [
              0.27347204660930674,
              51.533768048864495
            ],
            [
              0.2734728502746515,
              51.53376447115592
            ],
            [
              0.27347985929531987,
              51.53372016793492
            ],
            [
              0.2734839253782674,
              51.53369447073691
            ],
            [
              0.27349206815627486,
              51.533664006459645
            ],
            [
              0.27350202308434063,
              51.533640971250186
            ],
            [
              0.27350490042587483,
              51.53363710783499
            ],
            [
              0.2735229348515825,
              51.533561246659175
            ],
            [
              0.27346928143514526,
              51.533572431713
            ],
            [
              0.2733496589983763,
              51.53407560247143
            ],
            [
              0.2733433208481537,
              51.53410226548541
            ],
            [
              0.2733052779386379,
              51.53425846406978
            ],
            [
              0.2733046615862713,
              51.53426099765534
            ],
            [
              0.27328378184015956,
              51.53433399930154
            ],
            [
              0.27326327783792687,
              51.53440568787552
            ],
            [
              0.27326310346897653,
              51.534434019224214
            ],
            [
              0.2732690579697632,
              51.53445512730616
            ],
            [
              0.27303652522378186,
              51.53436492966768
            ],
            [
              0.2730364885829477,
              51.534364917787585
            ],
            [
              0.27303648290214083,
              51.5343649484739
            ],
            [
              0.27303645163316237,
              51.53436504440574
            ],
            [
              0.27303301896025256,
              51.53437645920628
            ],
            [
              0.27300259095777174,
              51.53447769503044
            ],
            [
              0.2730022533254459,
              51.53447881940436
            ]
          ]
        ]
      },
      "properties": {
        "caseReference": "TR010032",
        "projectName": "Lower Thames Crossing",
        "fileName": "T010032 Lower Thames Crossing - Acceptance shapefile.geojson",
        "receivedDate": "2026-08-13T17:36:38.000Z"
      }
    },
    {
      "type": "Feature",
      "geometry": {
        "bbox": [
          1.1504681958159533,
          52.35583605896703,
          1.1651640006953468,
          52.35920684517297
        ],
        "type": "Polygon",
        "coordinates": [
          [
            [
              1.1528714294908717,
              52.35917544689788,
              0
            ],
            [
              1.1528965653392789,
              52.359177743588205,
              0
            ],
            [
              1.1536419502075714,
              52.359260724082965,
              0
            ],
            [
              1.154031181266938,
              52.35930446077379,
              0
            ],
            [
              1.1542556707141893,
              52.35836978092555,
              0
            ],
            [
              1.1545203293659552,
              52.35834554697717,
              0
            ],
            [
              1.1550296812187248,
              52.35873814001154,
              0
            ],
            [
              1.1550782410884173,
              52.359091553764344,
              0
            ],
            [
              1.1550159280434038,
              52.35943510707825,
              0
            ],
            [
              1.1551959579813453,
              52.35944818467067,
              0
            ],
            [
              1.1553354525396795,
              52.35945974609303,
              0
            ],
            [
              1.1553769875525213,
              52.35946417618377,
              0
            ],
            [
              1.155392737379498,
              52.359465859789616,
              0
            ],
            [
              1.1554289844117918,
              52.35946740932714,
              0
            ],
            [
              1.1555953914197585,
              52.3594505509216,
              0
            ],
            [
              1.1557385053785192,
              52.359434584642486,
              0
            ],
            [
              1.1557684024598196,
              52.359433605708716,
              0
            ],
            [
              1.1560391239483498,
              52.35943554324588,
              0
            ],
            [
              1.1560535244230854,
              52.359435608007715,
              0
            ],
            [
              1.156116321929916,
              52.35943662751878,
              0
            ],
            [
              1.1561958151893243,
              52.35943899942742,
              0
            ],
            [
              1.1562160215006037,
              52.359433962491195,
              0
            ],
            [
              1.156274790143794,
              52.359413504958965,
              0
            ],
            [
              1.1580399076674115,
              52.359061603959766,
              0
            ],
            [
              1.1592972786982303,
              52.35883037719096,
              0
            ],
            [
              1.1593658030824359,
              52.358823147474936,
              0
            ],
            [
              1.1594593047034243,
              52.358820105914866,
              0
            ],
            [
              1.1594995980618208,
              52.35881866796613,
              0
            ],
            [
              1.1594996001046705,
              52.35881867600573,
              0
            ],
            [
              1.1594996124669634,
              52.358818663983236,
              0
            ],
            [
              1.1621064077368093,
              52.35825746932787,
              0
            ],
            [
              1.162252614518277,
              52.35820894797118,
              0
            ],
            [
              1.1622583635610275,
              52.35820717514537,
              0
            ],
            [
              1.1627281597484653,
              52.35806580318584,
              0
            ],
            [
              1.163274834598019,
              52.35790878929515,
              0
            ],
            [
              1.1633548064428259,
              52.35788582648083,
              0
            ],
            [
              1.1641796237663824,
              52.35764900230009,
              0
            ],
            [
              1.1641976099012201,
              52.357643753666096,
              0
            ],
            [
              1.1642840356978041,
              52.357619852791345,
              0
            ],
            [
              1.1646104797365833,
              52.357521976823016,
              0
            ],
            [
              1.1646418354851324,
              52.35736473723285,
              0
            ],
            [
              1.1646893757252545,
              52.3572078732559,
              0
            ],
            [
              1.1647429371020281,
              52.357020179594116,
              0
            ],
            [
              1.1647465340761742,
              52.35701090968102,
              0
            ],
            [
              1.1647515951061949,
              52.35699746345661,
              0
            ],
            [
              1.1647570263667928,
              52.35698508654352,
              0
            ],
            [
              1.1647667491200155,
              52.35696288148262,
              0
            ],
            [
              1.1647863655184252,
              52.35692907925774,
              0
            ],
            [
              1.164787703229003,
              52.356927244675774,
              0
            ],
            [
              1.1648423567195199,
              52.35684933387535,
              0
            ],
            [
              1.1649085774855383,
              52.35679350711482,
              0
            ],
            [
              1.1649393334860165,
              52.35676759046072,
              0
            ],
            [
              1.1649843061024623,
              52.35669398622312,
              0
            ],
            [
              1.1647590687002047,
              52.3565986655613,
              0
            ],
            [
              1.1645069940604815,
              52.356524479310046,
              0
            ],
            [
              1.1645065448313294,
              52.356518195811255,
              0
            ],
            [
              1.1645862237903404,
              52.356256144383735,
              0
            ],
            [
              1.164643255410537,
              52.35608823364364,
              0
            ],
            [
              1.164645802440894,
              52.35608276919781,
              0
            ],
            [
              1.164506756134789,
              52.35606401195803,
              0
            ],
            [
              1.1643674078265798,
              52.35603198805532,
              0
            ],
            [
              1.164273965677272,
              52.356003311458714,
              0
            ],
            [
              1.1641861918702479,
              52.355969887137135,
              0
            ],
            [
              1.1640561005378842,
              52.355920023254804,
              0
            ],
            [
              1.1639652065275539,
              52.35588445196902,
              0
            ],
            [
              1.1637043236169609,
              52.3557880609974,
              0
            ],
            [
              1.1633936405214418,
              52.35567471072475,
              0
            ],
            [
              1.1631779180023294,
              52.35561169811039,
              0
            ],
            [
              1.1630833385872914,
              52.35558763780412,
              0
            ],
            [
              1.1630049119121308,
              52.355580574344145,
              0
            ],
            [
              1.1629399708372148,
              52.355573122585994,
              0
            ],
            [
              1.1628816019293984,
              52.35557377786205,
              0
            ],
            [
              1.162862227756071,
              52.35557521421593,
              0
            ],
            [
              1.1628418161849714,
              52.35558309980461,
              0
            ],
            [
              1.1628180220074502,
              52.355585580898385,
              0
            ],
            [
              1.162795460853654,
              52.35558435056494,
              0
            ],
            [
              1.162551477174184,
              52.35556612665233,
              0
            ],
            [
              1.1623874663062619,
              52.35555584209644,
              0
            ],
            [
              1.1623109003098524,
              52.35555302729156,
              0
            ],
            [
              1.1620587767071209,
              52.35555758538034,
              0
            ],
            [
              1.1616722451558992,
              52.35557044588352,
              0
            ],
            [
              1.1614790066090053,
              52.35557746401214,
              0
            ],
            [
              1.160950604148424,
              52.35559347334412,
              0
            ],
            [
              1.1608116159747388,
              52.35559811162263,
              0
            ],
            [
              1.1607761997168025,
              52.35560548118933,
              0
            ],
            [
              1.160692328927223,
              52.35560589173742,
              0
            ],
            [
              1.1606353238587777,
              52.35560466569872,
              0
            ],
            [
              1.1603739848195522,
              52.35559515802371,
              0
            ],
            [
              1.1600405211178773,
              52.3555820850667,
              0
            ],
            [
              1.1599910435777678,
              52.35558157459591,
              0
            ],
            [
              1.1598570642543264,
              52.355593416483906,
              0
            ],
            [
              1.1590099964814236,
              52.355667463923034,
              0
            ],
            [
              1.1587871582365188,
              52.35569359857481,
              0
            ],
            [
              1.1584480232161032,
              52.35572743963704,
              0
            ],
            [
              1.1584112270686115,
              52.355736680098516,
              0
            ],
            [
              1.158325878056883,
              52.35574725531351,
              0
            ],
            [
              1.1580850298630276,
              52.35577296203585,
              0
            ],
            [
              1.1576954082581725,
              52.35581275604309,
              0
            ],
            [
              1.1572943746916944,
              52.35585010187815,
              0
            ],
            [
              1.1571619543842733,
              52.35586281634541,
              0
            ],
            [
              1.1568403693143847,
              52.355890679380146,
              0
            ],
            [
              1.1566251359564717,
              52.355918441282256,
              0
            ],
            [
              1.1564350485102564,
              52.35594187014784,
              0
            ],
            [
              1.156335199465455,
              52.355949126184015,
              0
            ],
            [
              1.1561101757528969,
              52.35596525031815,
              0
            ],
            [
              1.1558792703068312,
              52.35598334794306,
              0
            ],
            [
              1.1557159537372397,
              52.35600422538407,
              0
            ],
            [
              1.1556376771567345,
              52.35602006873117,
              0
            ],
            [
              1.1555135306121587,
              52.35604356837972,
              0
            ],
            [
              1.1554317562599101,
              52.35605217527913,
              0
            ],
            [
              1.1553469258431524,
              52.35605994644525,
              0
            ],
            [
              1.1552215895684224,
              52.35606696531536,
              0
            ],
            [
              1.1551482198891727,
              52.35607458295872,
              0
            ],
            [
              1.1550921096968487,
              52.3560894198846,
              0
            ],
            [
              1.155030501175678,
              52.356107074809806,
              0
            ],
            [
              1.1549703336251387,
              52.356126399982976,
              0
            ],
            [
              1.1545231576097148,
              52.35628224592695,
              0
            ],
            [
              1.1544287640280326,
              52.35631804418162,
              0
            ],
            [
              1.154402118895833,
              52.35631515860411,
              0
            ],
            [
              1.1540063794636333,
              52.35647142705463,
              0
            ],
            [
              1.153690563199174,
              52.35659498115037,
              0
            ],
            [
              1.1535632158456772,
              52.35664245121934,
              0
            ],
            [
              1.1534658245812706,
              52.35667742939017,
              0
            ],
            [
              1.15337684596142,
              52.356706786636124,
              0
            ],
            [
              1.1533367548594888,
              52.356721347769465,
              0
            ],
            [
              1.153293731561037,
              52.35673598719874,
              0
            ],
            [
              1.1532520464229208,
              52.356748792153915,
              0
            ],
            [
              1.1532088951743598,
              52.35676163624826,
              0
            ],
            [
              1.1531656799538506,
              52.356773582674755,
              0
            ],
            [
              1.1531267350784813,
              52.356783616323334,
              0
            ],
            [
              1.152774804908425,
              52.3568848389155,
              0
            ],
            [
              1.1522024610715442,
              52.357020005180026,
              0
            ],
            [
              1.1520392788572502,
              52.357062440529816,
              0
            ],
            [
              1.151714432418362,
              52.3571469822257,
              0
            ],
            [
              1.151377424686839,
              52.357247442501986,
              0
            ],
            [
              1.150984319708318,
              52.35737907775335,
              0
            ],
            [
              1.1505889211771896,
              52.357532177624726,
              0
            ],
            [
              1.1506034484951917,
              52.35753196985288,
              0
            ],
            [
              1.1506970015311475,
              52.35754206449538,
              0
            ],
            [
              1.1507772001763426,
              52.35755233555902,
              0
            ],
            [
              1.1507963051247239,
              52.35755659234185,
              0
            ],
            [
              1.1508158005899252,
              52.35757046184811,
              0
            ],
            [
              1.1508371981546655,
              52.35759867034588,
              0
            ],
            [
              1.1508941153844425,
              52.357669819706224,
              0
            ],
            [
              1.1509639702925163,
              52.35776175872623,
              0
            ],
            [
              1.1509888679403963,
              52.35779167251083,
              0
            ],
            [
              1.1510045609936836,
              52.35782228161524,
              0
            ],
            [
              1.151039959800295,
              52.35790066043405,
              0
            ],
            [
              1.1510505459318645,
              52.357925559985866,
              0
            ],
            [
              1.1510596020412247,
              52.35794960100981,
              0
            ],
            [
              1.1510676382613643,
              52.357973759187495,
              0
            ],
            [
              1.1510754899064972,
              52.35799945120194,
              0
            ],
            [
              1.1510758662114025,
              52.358000610326705,
              0
            ],
            [
              1.1510963062277662,
              52.35808964104434,
              0
            ],
            [
              1.1511111490994048,
              52.358141317839696,
              0
            ],
            [
              1.1511182278904852,
              52.358158216753175,
              0
            ],
            [
              1.1511908287849795,
              52.35827013808104,
              0
            ],
            [
              1.1512336330436195,
              52.35833491874522,
              0
            ],
            [
              1.1513288104589814,
              52.3584317577561,
              0
            ],
            [
              1.15148511373073,
              52.358559791821314,
              0
            ],
            [
              1.1515821890120934,
              52.35864201035383,
              0
            ],
            [
              1.1515828202152794,
              52.3586426230576,
              0
            ],
            [
              1.1516126525759367,
              52.35867168551271,
              0
            ],
            [
              1.1516801032272934,
              52.35874219360943,
              0
            ],
            [
              1.15168072164912,
              52.358742626781925,
              0
            ],
            [
              1.1517903141580164,
              52.35887271670943,
              0
            ],
            [
              1.1518352335822082,
              52.35892386037392,
              0
            ],
            [
              1.1518687919231994,
              52.35893510592016,
              0
            ],
            [
              1.1519068481475683,
              52.358933190672566,
              0
            ],
            [
              1.1519548925987158,
              52.35892714153101,
              0
            ],
            [
              1.151979644702281,
              52.35892405250063,
              0
            ],
            [
              1.152382322499822,
              52.358885422103036,
              0
            ],
            [
              1.152652090903599,
              52.358857534077266,
              0
            ],
            [
              1.1527930336945944,
              52.3588564687731,
              0
            ],
            [
              1.1528710596713359,
              52.3588588820896,
              0
            ],
            [
              1.152994664375018,
              52.35886187695771,
              0
            ],
            [
              1.1529798841950847,
              52.35890184348099,
              0
            ],
            [
              1.152942166270841,
              52.35899098795409,
              0
            ],
            [
              1.152913943983485,
              52.359069086531505,
              0
            ],
            [
              1.1529075084207165,
              52.35908184941922,
              0
            ],
            [
              1.1528714294908717,
              52.35917544689788,
              0
            ]
          ]
        ]
      },
      "properties": {
        "caseReference": "EN0110019",
        "projectName": "EcoPower Suffolk Solar",
        "fileName": "EN0110019 EcoPower Suffolk Solar Draft Order Limits.geojson",
        "receivedDate": "2026-07-06T13:29:23.000Z"
      }
    },
    {
      "type": "Feature",
      "geometry": {
        "bbox": [
          1.0266081984737068,
          51.373602819621766,
          1.143806745638068,
          51.466120345788816
        ],
        "type": "Polygon",
        "coordinates": [
          [
            [
              1.0538333981786856,
              51.468500004098665
            ],
            [
              1.0808333977739324,
              51.44700000442909
            ],
            [
              1.1340000645729615,
              51.45233333788214
            ],
            [
              1.1423989315063616,
              51.44563993755448
            ],
            [
              1.105416942365747,
              51.44193156691913
            ],
            [
              1.1036922823364397,
              51.37633334181181
            ],
            [
              1.1019193137049792,
              51.371631706616455
            ],
            [
              1.1014097185070133,
              51.37166759360176
            ],
            [
              1.1004479472885123,
              51.37182549633812
            ],
            [
              1.099734592712064,
              51.37200798061367
            ],
            [
              1.0997459411561832,
              51.37217589173648
            ],
            [
              1.0989569669635981,
              51.37219677608659
            ],
            [
              1.0907518536880463,
              51.376023746846656
            ],
            [
              1.0924575829659122,
              51.440633838083485
            ],
            [
              1.0681581300129424,
              51.43818994023671
            ],
            [
              1.0327469898250137,
              51.46637773285549
            ],
            [
              1.0538333981786856,
              51.468500004098665
            ]
          ]
        ]
      },
      "properties": {
        "caseReference": "EN010036",
        "projectName": "Kentish Flats Extension",
        "fileName": "395_EN010036.geojson",
        "receivedDate": "2026-09-03T14:31:47.000Z"
      }
    },
    {
      "type": "Feature",
      "geometry": {
        "bbox": [
          0.9945609833896615,
          52.32998887306691,
          0.9968836339873279,
          52.33102245981154
        ],
        "type": "Polygon",
        "coordinates": [
          [
            [
              0.9951607995885984,
              52.330408769123565
            ],
            [
              0.9951835191716123,
              52.33038025863347
            ],
            [
              0.9952075175974433,
              52.33035679060753
            ],
            [
              0.9952081272554822,
              52.330356384830665
            ],
            [
              0.9952282951579204,
              52.330341268030665
            ],
            [
              0.9952473911707901,
              52.330329969095814
            ],
            [
              0.9952678174189655,
              52.330318631011046
            ],
            [
              0.9952907539026745,
              52.330307901930595
            ],
            [
              0.9953122334327241,
              52.330298551611406
            ],
            [
              0.9953227597348727,
              52.3302949857931
            ],
            [
              0.995348434006711,
              52.33028664690226
            ],
            [
              0.9953720788556288,
              52.33028114202305
            ],
            [
              0.9953998831310595,
              52.330276126057974
            ],
            [
              0.9954287963070083,
              52.33027181400373
            ],
            [
              0.9954955060528946,
              52.33026537466962
            ],
            [
              0.9955298514139055,
              52.33026365871532
            ],
            [
              0.9955444210244816,
              52.330262599235304
            ],
            [
              0.9956128705006055,
              52.3302669984746
            ],
            [
              0.9956813215149279,
              52.330271398534606
            ],
            [
              0.9957310007128237,
              52.33027601860109
            ],
            [
              0.9957806799202735,
              52.33028063864651
            ],
            [
              0.9958524824514231,
              52.33028788537196
            ],
            [
              0.9959242850043482,
              52.33029513205334
            ],
            [
              0.9959960875790655,
              52.33030237869072
            ],
            [
              0.9960678901755379,
              52.33030962528402
            ],
            [
              0.9961396927330998,
              52.33031687093551
            ],
            [
              0.9962114939077118,
              52.33032411747797
            ],
            [
              0.9962832965695281,
              52.3303313639391
            ],
            [
              0.9963531590839801,
              52.330332365192845
            ],
            [
              0.9963687572808239,
              52.33033101689999
            ],
            [
              0.9963751918199354,
              52.33033046057525
            ],
            [
              0.9964254948407748,
              52.33032611259072
            ],
            [
              0.9964518273385002,
              52.330320238000894
            ],
            [
              0.9964574918284965,
              52.330318974558836
            ],
            [
              0.9964894888055764,
              52.330311836518426
            ],
            [
              0.9964937885466771,
              52.33028075447049
            ],
            [
              0.9965014684544108,
              52.33027425883234
            ],
            [
              0.9965296357935597,
              52.33025818152292
            ],
            [
              0.9965996796143971,
              52.330233560624116
            ],
            [
              0.9966276874119611,
              52.33022131128969
            ],
            [
              0.9966697561780208,
              52.330202913343335
            ],
            [
              0.9966861825627589,
              52.33018811249749
            ],
            [
              0.9967147944270526,
              52.330162330883844
            ],
            [
              0.9967195665695482,
              52.33015803146051
            ],
            [
              0.9967340468082087,
              52.330133381987444
            ],
            [
              0.996744130772105,
              52.33010884411017
            ],
            [
              0.9967516481990497,
              52.33008976736052
            ],
            [
              0.9967657337265667,
              52.33005928225986
            ],
            [
              0.996766878412184,
              52.33005680342828
            ],
            [
              0.9967798192354534,
              52.33002879715769
            ],
            [
              0.9967917066017282,
              52.32999836785351
            ],
            [
              0.9968035939524776,
              52.32996793854829
            ],
            [
              0.9968094893385309,
              52.329948320204224
            ],
            [
              0.9968104991591195,
              52.329941264509706
            ],
            [
              0.9968105050977851,
              52.32994122209046
            ],
            [
              0.9967508828461878,
              52.32993801951535
            ],
            [
              0.9966912591365813,
              52.32993481694717
            ],
            [
              0.9966814180465088,
              52.329962945973904
            ],
            [
              0.9966801954990641,
              52.329966574325745
            ],
            [
              0.9966699293785395,
              52.3299884188329
            ],
            [
              0.9966581371152298,
              52.33000940274883
            ],
            [
              0.9966434140066113,
              52.33003046105946
            ],
            [
              0.9966271647503098,
              52.33005065877763
            ],
            [
              0.9966162307117565,
              52.33006262760786
            ],
            [
              0.9965831249851097,
              52.330094045150695
            ],
            [
              0.9965635805495702,
              52.3301089305242
            ],
            [
              0.9965439146720474,
              52.330122020317674
            ],
            [
              0.9965213179411906,
              52.33013518450085
            ],
            [
              0.996497012921233,
              52.33014479472191
            ],
            [
              0.9964698377605014,
              52.33015537711821
            ],
            [
              0.9964410757396963,
              52.3301642011267
            ],
            [
              0.9964107268611913,
              52.330171266746284
            ],
            [
              0.9963803172614677,
              52.33017743456958
            ],
            [
              0.9963774471277637,
              52.330178406747414
            ],
            [
              0.9963410544062193,
              52.33018292776187
            ],
            [
              0.9963031355441929,
              52.33018658817022
            ],
            [
              0.9962650952574834,
              52.3301884529891
            ],
            [
              0.9962430532038723,
              52.330188113096845
            ],
            [
              0.9961739961979971,
              52.3301871677796
            ],
            [
              0.9961371785013678,
              52.330185404210084
            ],
            [
              0.9960833263262057,
              52.33018137495996
            ],
            [
              0.9960294741598285,
              52.330177345685115
            ],
            [
              0.9959584459114762,
              52.33016895615671
            ],
            [
              0.9958874176276776,
              52.330160565687336
            ],
            [
              0.9958163894298152,
              52.33015217607257
            ],
            [
              0.9957632093308679,
              52.33014723029241
            ],
            [
              0.9957100292428618,
              52.3301422844881
            ],
            [
              0.9956834695515163,
              52.33014026047151
            ],
            [
              0.9956171006805397,
              52.33013564929828
            ],
            [
              0.995550853210659,
              52.3301328336661
            ],
            [
              0.9955067084657362,
              52.330131255820355
            ],
            [
              0.9954186617501867,
              52.33013169123683
            ],
            [
              0.9953748204631627,
              52.33013460228872
            ],
            [
              0.9953660886193962,
              52.33013572317083
            ],
            [
              0.9953325052822742,
              52.33013837393228
            ],
            [
              0.9953004480528028,
              52.3301418852925
            ],
            [
              0.9952685121953037,
              52.330147192223116
            ],
            [
              0.9952366370179049,
              52.33015339693477
            ],
            [
              0.9952063486296261,
              52.33016136003699
            ],
            [
              0.995186257509695,
              52.33016816508354
            ],
            [
              0.9951604867471489,
              52.330177812213854
            ],
            [
              0.9951362420838502,
              52.330188319949066
            ],
            [
              0.9951206685864377,
              52.33019680902622
            ],
            [
              0.995093917849816,
              52.3302136756386
            ],
            [
              0.9950702799993728,
              52.33023316125731
            ],
            [
              0.9950481682395371,
              52.330253507483114
            ],
            [
              0.9950289873145066,
              52.3302737793492
            ],
            [
              0.9949953251167123,
              52.330318700488604
            ],
            [
              0.9949688461599969,
              52.330362827838506
            ],
            [
              0.9949423671520432,
              52.33040695518303
            ],
            [
              0.9949189042219853,
              52.33037734194951
            ],
            [
              0.9948992106343086,
              52.33042004527741
            ],
            [
              0.9948795170101866,
              52.33046274860236
            ],
            [
              0.9948598219448118,
              52.33050545285925
            ],
            [
              0.9948401282477752,
              52.33054815617819
            ],
            [
              0.9948204345142972,
              52.33059085949419
            ],
            [
              0.9948007407443895,
              52.33063356280719
            ],
            [
              0.9947810455332762,
              52.33067626705217
            ],
            [
              0.9947613516904795,
              52.33071897035925
            ],
            [
              0.9947416578112311,
              52.33076167366329
            ],
            [
              0.994718669004038,
              52.330801628559385
            ],
            [
              0.9947173802476859,
              52.33080386730601
            ],
            [
              0.9946956801566303,
              52.330841583451424
            ],
            [
              0.9946931041653945,
              52.33084606180473
            ],
            [
              0.9946726913296511,
              52.330881539237154
            ],
            [
              0.9946688265122007,
              52.33088825543835
            ],
            [
              0.9946497024018568,
              52.33092149412101
            ],
            [
              0.9946445502795779,
              52.33093044903019
            ],
            [
              0.9946269722743237,
              52.33096099996499
            ],
            [
              0.9946267134338592,
              52.330961449000746
            ],
            [
              0.9946935510951171,
              52.33097777969971
            ],
            [
              0.9947603902698066,
              52.33099411032284
            ],
            [
              0.9948272280270524,
              52.33101044094449
            ],
            [
              0.9948967564992549,
              52.33102472834197
            ],
            [
              0.9949662850148122,
              52.33103901569772
            ],
            [
              0.9950358135130577,
              52.33105330211403
            ],
            [
              0.995105343580833,
              52.33106758934933
            ],
            [
              0.9951286630434136,
              52.33102499365147
            ],
            [
              0.9951519838673616,
              52.330982397014445
            ],
            [
              0.9951753032431458,
              52.33093980130822
            ],
            [
              0.9951986240410037,
              52.330897205560596
            ],
            [
              0.9951290956804558,
              52.330882918339164
            ],
            [
              0.9950595659585255,
              52.330868632011
            ],
            [
              0.9949900376846679,
              52.330854344706225
            ],
            [
              0.9949205095149458,
              52.330840058257586
            ],
            [
              0.9949229830408847,
              52.330835541129325
            ],
            [
              0.9949469205961216,
              52.33079181641683
            ],
            [
              0.9949708595104405,
              52.330748090764914
            ],
            [
              0.9949947984397218,
              52.330704366006344
            ],
            [
              0.9950187373232731,
              52.33066064124341
            ],
            [
              0.9950426746350053,
              52.33061691561542
            ],
            [
              0.9950666134271585,
              52.33057319084363
            ],
            [
              0.9950905521735623,
              52.330529466067404
            ],
            [
              0.9951144893481743,
              52.330485740426155
            ],
            [
              0.9951384280031618,
              52.33044201564106
            ],
            [
              0.9951607995885984,
              52.330408769123565
            ]
          ]
        ]
      },
      "properties": {
        "caseReference": "EN020027",
        "projectName": "Norwich to Tilbury",
        "fileName": "Norwich to Tilbury shapefiles.geojson",
        "receivedDate": "2026-07-29T11:16:10.000Z"
      }
    },
    {
      "type": "Feature",
      "geometry": {
        "bbox": [
          -1.2890550305016886,
          53.715808040839285,
          -1.277157828180441,
          53.72517504854504
        ],
        "type": "Polygon",
        "coordinates": [
          [
            [
              -1.287713102645184,
              53.71615175337865
            ],
            [
              -1.2877782676907634,
              53.716165069993295
            ],
            [
              -1.2877785587844268,
              53.71616491204954
            ],
            [
              -1.2878758843651277,
              53.71619280170506
            ],
            [
              -1.2878122401616565,
              53.71634757625279
            ],
            [
              -1.2878237379363284,
              53.7166993239661
            ],
            [
              -1.2878950896564865,
              53.71686265818422
            ],
            [
              -1.2880075873068058,
              53.717171045914796
            ],
            [
              -1.2881080569796686,
              53.717417301025215
            ],
            [
              -1.288179760119395,
              53.71755995011584
            ],
            [
              -1.288299064238202,
              53.71772356881719
            ],
            [
              -1.2884385504895446,
              53.71798298465907
            ],
            [
              -1.2886312177037502,
              53.71844958610746
            ],
            [
              -1.2888059727781729,
              53.718944525567956
            ],
            [
              -1.288955535631131,
              53.719382426003854
            ],
            [
              -1.2889817343475474,
              53.71963858317824
            ],
            [
              -1.2889808619201932,
              53.72020747078489
            ],
            [
              -1.2888902730598921,
              53.72092580694449
            ],
            [
              -1.288865392763178,
              53.724019724895484
            ],
            [
              -1.2887627912836268,
              53.724045298836835
            ],
            [
              -1.288727930407461,
              53.724092968845426
            ],
            [
              -1.2886831436084338,
              53.724130854960016
            ],
            [
              -1.2872917539950637,
              53.72458490142887
            ],
            [
              -1.2867218128599183,
              53.724722149774465
            ],
            [
              -1.2847229014605703,
              53.725220426943196
            ],
            [
              -1.2844660508209151,
              53.725043844330585
            ],
            [
              -1.2842662678174968,
              53.72492370759442
            ],
            [
              -1.2840561926885476,
              53.72481547826582
            ],
            [
              -1.2838369722408542,
              53.72472589582635
            ],
            [
              -1.2828632276235465,
              53.7244268286667
            ],
            [
              -1.281613325782227,
              53.72397573558424
            ],
            [
              -1.2803277268208342,
              53.72358538326422
            ],
            [
              -1.2802434565176504,
              53.72353438215939
            ],
            [
              -1.2791828441489246,
              53.72322877865859
            ],
            [
              -1.278898741535861,
              53.72313580463621
            ],
            [
              -1.279780144378813,
              53.722634655847614
            ],
            [
              -1.279776935751469,
              53.72260097313127
            ],
            [
              -1.2793786436183476,
              53.72236293533666
            ],
            [
              -1.2796564306187364,
              53.72219778391975
            ],
            [
              -1.2782234022286965,
              53.72132438728834
            ],
            [
              -1.2779368898209955,
              53.72148349823428
            ],
            [
              -1.2774467510550853,
              53.721196649674205
            ],
            [
              -1.2773507141832294,
              53.721243947649796
            ],
            [
              -1.2772263519330445,
              53.72117774113989
            ],
            [
              -1.2773728167635652,
              53.72105818383617
            ],
            [
              -1.2775049468737385,
              53.72096547071553
            ],
            [
              -1.2782695418726253,
              53.72050776536239
            ],
            [
              -1.2784992930135368,
              53.720385341777366
            ],
            [
              -1.2786930406186903,
              53.72030309725142
            ],
            [
              -1.2789969819566964,
              53.72041489310749
            ],
            [
              -1.2793501172048491,
              53.72060029546369
            ],
            [
              -1.2795646798398361,
              53.72073923132312
            ],
            [
              -1.279663376521774,
              53.720794434062256
            ],
            [
              -1.2797450308206968,
              53.72081362664009
            ],
            [
              -1.2803509881686992,
              53.720781358432546
            ],
            [
              -1.2808152275485267,
              53.72070185622642
            ],
            [
              -1.2811834918720546,
              53.720629257497585
            ],
            [
              -1.281608658153203,
              53.72062208133515
            ],
            [
              -1.2818969343532405,
              53.72050636064798
            ],
            [
              -1.2820496193831237,
              53.720427979131564
            ],
            [
              -1.2821342032983523,
              53.720349189598856
            ],
            [
              -1.2822307105685349,
              53.72031086753819
            ],
            [
              -1.2829003198706834,
              53.720020881178485
            ],
            [
              -1.2829115026486912,
              53.719956613492556
            ],
            [
              -1.282887348934131,
              53.71989363056244
            ],
            [
              -1.2820036277526228,
              53.71905498301013
            ],
            [
              -1.2830394238936413,
              53.71866395416077
            ],
            [
              -1.2831724617129165,
              53.71870215366503
            ],
            [
              -1.2835052821627473,
              53.719007114595506
            ],
            [
              -1.2833633546426437,
              53.7190466622924
            ],
            [
              -1.2833123166834084,
              53.71952662234879
            ],
            [
              -1.2834692576430757,
              53.719642764389654
            ],
            [
              -1.2836479368463343,
              53.71959296313418
            ],
            [
              -1.2837301275830713,
              53.7196547965721
            ],
            [
              -1.2839519379335615,
              53.719590291054885
            ],
            [
              -1.2839759935032509,
              53.7195583616398
            ],
            [
              -1.2844491008077679,
              53.71916813344021
            ],
            [
              -1.284809405441595,
              53.71900220171834
            ],
            [
              -1.2841733771924773,
              53.71835878335376
            ],
            [
              -1.2852342938442138,
              53.71797162598537
            ],
            [
              -1.2851957844579438,
              53.717936984817044
            ],
            [
              -1.286000955668678,
              53.717633618398146
            ],
            [
              -1.28556042802176,
              53.717131919066965
            ],
            [
              -1.285477300571693,
              53.71714952471318
            ],
            [
              -1.2851472241332325,
              53.71681915011924
            ],
            [
              -1.2849894249696145,
              53.71686992648988
            ],
            [
              -1.2848138644348057,
              53.71668269587418
            ],
            [
              -1.2852577108197079,
              53.71647330130146
            ],
            [
              -1.2853094044682296,
              53.716509811834136
            ],
            [
              -1.2870085481468687,
              53.71579588505786
            ],
            [
              -1.2874370604849956,
              53.71597685884728
            ],
            [
              -1.287692749249008,
              53.716066298449086
            ],
            [
              -1.287713102645184,
              53.71615175337865
            ]
          ],
          [
            [
              -1.287445802970581,
              53.71649150056413
            ],
            [
              -1.2865940921693881,
              53.71684587143429
            ],
            [
              -1.2864783969963036,
              53.716984820198256
            ],
            [
              -1.2868480223313499,
              53.71729732524699
            ],
            [
              -1.2871331934783936,
              53.717190414703744
            ],
            [
              -1.2876909348850492,
              53.71694807205044
            ],
            [
              -1.2875951770947842,
              53.7166811575431
            ],
            [
              -1.287566324203506,
              53.71658272269339
            ],
            [
              -1.287445802970581,
              53.71649150056413
            ]
          ]
        ]
      },
      "properties": {
        "caseReference": "EN0710002",
        "projectName": "Ferrybridge Carbon Capture and Storage",
        "fileName": "106_EN0710002.geojson",
        "receivedDate": "2026-08-28T14:57:16.000Z"
      }
    },
    {
      "type": "Feature",
      "geometry": {
        "bbox": [
          -0.14994610786154972,
          53.598854065566236,
          -0.13594923930748254,
          53.60381344445228
        ],
        "type": "Polygon",
        "coordinates": [
          [
            [
              -0.13929015165066133,
              53.60297625097333
            ],
            [
              -0.13641328926122764,
              53.603666201522536
            ],
            [
              -0.13598381471575494,
              53.603028311141806
            ],
            [
              -0.14126395510711645,
              53.60178759605388
            ],
            [
              -0.14132028725817908,
              53.59945006215341
            ],
            [
              -0.1450752224064263,
              53.5987786494101
            ],
            [
              -0.14765830317760859,
              53.601379766447316
            ],
            [
              -0.14782838264811873,
              53.60153675922283
            ],
            [
              -0.14800672731900344,
              53.60169047310822
            ],
            [
              -0.14819315874064587,
              53.60184075422146
            ],
            [
              -0.14838749036188414,
              53.60198745211544
            ],
            [
              -0.14858952771653336,
              53.60213041992868
            ],
            [
              -0.1487990686180048,
              53.60226951453225
            ],
            [
              -0.1490159033614509,
              53.60240459667357
            ],
            [
              -0.14923981493361527,
              53.602535531115585
            ],
            [
              -0.14974504613634,
              53.603018713849295
            ],
            [
              -0.14975584796894098,
              53.603036702627655
            ],
            [
              -0.14976143427915073,
              53.603055513095796
            ],
            [
              -0.14976164739069053,
              53.60307461434281
            ],
            [
              -0.1497564812814352,
              53.60309346725007
            ],
            [
              -0.14974608175417994,
              53.603111539707406
            ],
            [
              -0.14973074232229905,
              53.60312832163177
            ],
            [
              -0.14971089592607997,
              53.603143339363875
            ],
            [
              -0.14968710271380967,
              53.60315616903722
            ],
            [
              -0.1496600342321342,
              53.6031664485417
            ],
            [
              -0.14963045447208906,
              53.60317388774392
            ],
            [
              -0.14955855079796224,
              53.60317927160435
            ],
            [
              -0.14013070213837825,
              53.60387851393844
            ],
            [
              -0.13929015165066133,
              53.60297625097333
            ]
          ]
        ]
      },
      "properties": {
        "caseReference": "EN010107",
        "projectName": "South Humber Bank Energy Centre",
        "fileName": "65_EN010107.geojson",
        "receivedDate": "2026-08-28T14:13:35.000Z"
      }
    },
    {
      "type": "Feature",
      "geometry": {
        "bbox": [
          -0.9940261157417432,
          53.83817558905185,
          -0.9914957373715931,
          53.83908818148566
        ],
        "type": "Polygon",
        "coordinates": [
          [
            [
              -0.9916024971532691,
              53.838850621314855
            ],
            [
              -0.991583497561967,
              53.83881253457218
            ],
            [
              -0.9915815879503111,
              53.83880820413485
            ],
            [
              -0.9915443649201846,
              53.83875128473848
            ],
            [
              -0.991544347291641,
              53.83875125942306
            ],
            [
              -0.9915051358798969,
              53.83869696227406
            ],
            [
              -0.9915274666035379,
              53.83869285261577
            ],
            [
              -0.9916763110474278,
              53.83866545845581
            ],
            [
              -0.9916879238053916,
              53.83866758558855
            ],
            [
              -0.991725590868325,
              53.838670336097806
            ],
            [
              -0.9917754740921699,
              53.83866293535782
            ],
            [
              -0.9918026861685073,
              53.83865319143607
            ],
            [
              -0.9918149545880482,
              53.83864548275884
            ],
            [
              -0.9918210859314214,
              53.838635894300225
            ],
            [
              -0.9918171639349738,
              53.838623728025595
            ],
            [
              -0.9918870089583955,
              53.83858226473645
            ],
            [
              -0.9919322632825224,
              53.83858181346192
            ],
            [
              -0.9919614054579549,
              53.83857358227159
            ],
            [
              -0.9919899829894792,
              53.83856551171647
            ],
            [
              -0.9920149741487059,
              53.83855458600428
            ],
            [
              -0.9921360724070931,
              53.83849693186009
            ],
            [
              -0.9922448885630222,
              53.838447485053166
            ],
            [
              -0.9923475554524374,
              53.838396656245095
            ],
            [
              -0.9924849185317779,
              53.83832866783034
            ],
            [
              -0.9925500447275547,
              53.838296471042156
            ],
            [
              -0.9925567061121062,
              53.83828821726647
            ],
            [
              -0.9925552947359702,
              53.83827673722743
            ],
            [
              -0.992554072730102,
              53.83826908150835
            ],
            [
              -0.992548866697313,
              53.83826355223594
            ],
            [
              -0.9925775078835035,
              53.83820595286619
            ],
            [
              -0.9926139090597738,
              53.83821141053785
            ],
            [
              -0.9926508908281275,
              53.83821604255165
            ],
            [
              -0.9926722005790775,
              53.838218049647836
            ],
            [
              -0.9926999523843676,
              53.8382209422317
            ],
            [
              -0.9927201562116523,
              53.8382221086175
            ],
            [
              -0.9927373069619818,
              53.838221754617756
            ],
            [
              -0.992753919489752,
              53.83822039749642
            ],
            [
              -0.9927671843631901,
              53.83821801637048
            ],
            [
              -0.9927779672816736,
              53.83821577350526
            ],
            [
              -0.9927910785282753,
              53.83821263786654
            ],
            [
              -0.9928035224959705,
              53.838208684082424
            ],
            [
              -0.9928118503932636,
              53.838204696651
            ],
            [
              -0.9928243819547617,
              53.83819709164762
            ],
            [
              -0.9928341612560786,
              53.83818986981645
            ],
            [
              -0.9928418817721206,
              53.83818263070625
            ],
            [
              -0.9929583254662151,
              53.83818588014329
            ],
            [
              -0.9932351019170945,
              53.838192949116014
            ],
            [
              -0.9932400682530926,
              53.838191683878435
            ],
            [
              -0.9932426691793316,
              53.838190703500864
            ],
            [
              -0.9932446227449855,
              53.83818915142867
            ],
            [
              -0.9932464305345152,
              53.83818746780296
            ],
            [
              -0.9932476451236903,
              53.83818599581922
            ],
            [
              -0.9932491437295419,
              53.838181869272375
            ],
            [
              -0.9932535133919567,
              53.838169110165346
            ],
            [
              -0.993255689932048,
              53.838169159883456
            ],
            [
              -0.9933547032079462,
              53.83817143488702
            ],
            [
              -0.9935596816507197,
              53.83817899651088
            ],
            [
              -0.9937024402976871,
              53.83818289016041
            ],
            [
              -0.9937196030176175,
              53.83818330372271
            ],
            [
              -0.9938148325752314,
              53.83818563021057
            ],
            [
              -0.9939393277051298,
              53.838190275572344
            ],
            [
              -0.9939782375367524,
              53.83819131632971
            ],
            [
              -0.9940257076899413,
              53.83819261758689
            ],
            [
              -0.99401225797482,
              53.83822002885689
            ],
            [
              -0.993996990075917,
              53.83825114334917
            ],
            [
              -0.9939804293676265,
              53.838299677139524
            ],
            [
              -0.9939743160708086,
              53.83831779397004
            ],
            [
              -0.993963091306571,
              53.83831672464037
            ],
            [
              -0.993890059781199,
              53.838310721197914
            ],
            [
              -0.9937488945926831,
              53.8382982159486
            ],
            [
              -0.9937495636662715,
              53.83829642389595
            ],
            [
              -0.993748562381147,
              53.8382964155003
            ],
            [
              -0.9936671430030629,
              53.83829234149025
            ],
            [
              -0.9933169556769621,
              53.838287966332686
            ],
            [
              -0.9932278644045364,
              53.83828632012801
            ],
            [
              -0.9931914896520282,
              53.838286725043496
            ],
            [
              -0.9931916353317102,
              53.83828565665629
            ],
            [
              -0.9931399980350409,
              53.83828467334808
            ],
            [
              -0.9930511845659715,
              53.838286905104034
            ],
            [
              -0.9928999137157876,
              53.83828941083339
            ],
            [
              -0.9928531797388613,
              53.83829270384382
            ],
            [
              -0.9927990857955492,
              53.838298721443095
            ],
            [
              -0.9927522523082788,
              53.83830882132857
            ],
            [
              -0.9927521834608909,
              53.838308840525
            ],
            [
              -0.9927413160963823,
              53.83831225835072
            ],
            [
              -0.9926917101580498,
              53.838327571534734
            ],
            [
              -0.9926190334809423,
              53.83835694470732
            ],
            [
              -0.9926189627905603,
              53.838356977370694
            ],
            [
              -0.9922783424090341,
              53.83852647664548
            ],
            [
              -0.9920944208476142,
              53.83861767172769
            ],
            [
              -0.9919653374031047,
              53.83868001627224
            ],
            [
              -0.9919488833055959,
              53.83868805742784
            ],
            [
              -0.991946567499901,
              53.83868956598889
            ],
            [
              -0.9919465835229377,
              53.83868959488607
            ],
            [
              -0.9919478249908481,
              53.83869036033268
            ],
            [
              -0.9919463961701599,
              53.83869106829478
            ],
            [
              -0.9919120824585046,
              53.838712456278984
            ],
            [
              -0.9919109592548585,
              53.83871176552963
            ],
            [
              -0.9919109295355256,
              53.83871173741621
            ],
            [
              -0.9918882035306102,
              53.83872781536154
            ],
            [
              -0.991877054467941,
              53.83873688079768
            ],
            [
              -0.9918549718349065,
              53.83874977149196
            ],
            [
              -0.9918410756058178,
              53.838761600224366
            ],
            [
              -0.9918325110352909,
              53.83877087792026
            ],
            [
              -0.9918239324888395,
              53.83878067412385
            ],
            [
              -0.991816608901593,
              53.83879307849263
            ],
            [
              -0.991811010592948,
              53.83880679526763
            ],
            [
              -0.9918081763726453,
              53.838815082053024
            ],
            [
              -0.9918085245596737,
              53.83883715937991
            ],
            [
              -0.9918111244443619,
              53.838856917762605
            ],
            [
              -0.9918133772147011,
              53.838872778592396
            ],
            [
              -0.9918182412554024,
              53.83888969950951
            ],
            [
              -0.9918226646459832,
              53.838906617623316
            ],
            [
              -0.9918464097370238,
              53.83896005488668
            ],
            [
              -0.9918527641940157,
              53.83896971767509
            ],
            [
              -0.9918721529990472,
              53.8390033808977
            ],
            [
              -0.9918924963811581,
              53.83903393678586
            ],
            [
              -0.9919082090628718,
              53.839056143176585
            ],
            [
              -0.9917503859886359,
              53.83909032117667
            ],
            [
              -0.9917454640139327,
              53.83908372195069
            ],
            [
              -0.9916679847058699,
              53.83897503144395
            ],
            [
              -0.9916209882200016,
              53.8388879892102
            ],
            [
              -0.9916072882917844,
              53.83886026109344
            ],
            [
              -0.9916053361603694,
              53.838856308707285
            ],
            [
              -0.9916024971532691,
              53.838850621314855
            ]
          ]
        ]
      },
      "properties": {
        "caseReference": "EN0110012",
        "projectName": "Light Valley Solar",
        "fileName": "P6045_IGP_ZZ_XX_M2_Z_PRJ_0005_OrderLimits.geojson",
        "receivedDate": "2026-08-06T12:56:55.000Z"
      }
    },
    {
      "type": "Feature",
      "geometry": {
        "bbox": [
          -1.857857258916546,
          52.134275094444796,
          -1.8534221125018684,
          52.13678137307222
        ],
        "type": "Polygon",
        "coordinates": [
          [
            [
              -1.853445732050498,
              52.13551915169583
            ],
            [
              -1.8534308238063069,
              52.135516453137356
            ],
            [
              -1.853426407064895,
              52.135470535908354
            ],
            [
              -1.8534442539122482,
              52.134269703178056
            ],
            [
              -1.8553909052220818,
              52.13460558701609
            ],
            [
              -1.8554775332453572,
              52.1346219729929
            ],
            [
              -1.855566943329037,
              52.13464280540889
            ],
            [
              -1.8556539489126191,
              52.134667192358016
            ],
            [
              -1.855738174873614,
              52.13469502909788
            ],
            [
              -1.8558048216546403,
              52.134720308107305
            ],
            [
              -1.8566470224486389,
              52.13505924059154
            ],
            [
              -1.8566614632244494,
              52.135065127104475
            ],
            [
              -1.856739065887484,
              52.135099490281576
            ],
            [
              -1.8568128515109297,
              52.13513690195331
            ],
            [
              -1.8568825021061666,
              52.13517720350897
            ],
            [
              -1.8569477201811186,
              52.1352202219782
            ],
            [
              -1.8570082258064802,
              52.13526577362349
            ],
            [
              -1.8570637624656412,
              52.135313662148974
            ],
            [
              -1.857097062715971,
              52.13534592794943
            ],
            [
              -1.8577120677863443,
              52.13597077751771
            ],
            [
              -1.8578370086745688,
              52.13609771631122
            ],
            [
              -1.857851422122449,
              52.13611235938304
            ],
            [
              -1.8577779010511999,
              52.13618398806486
            ],
            [
              -1.857714890362474,
              52.13624235040096
            ],
            [
              -1.857648934532022,
              52.136307901547895
            ],
            [
              -1.85763573075564,
              52.136324967573714
            ],
            [
              -1.8576298522355694,
              52.136335749080416
            ],
            [
              -1.8576293718450088,
              52.136337492656914
            ],
            [
              -1.857626895809265,
              52.1363465341077
            ],
            [
              -1.8576136147651325,
              52.13638787346485
            ],
            [
              -1.8575944665943531,
              52.136436399940386
            ],
            [
              -1.8575871298597142,
              52.13644628063825
            ],
            [
              -1.8575754185519122,
              52.13645345891561
            ],
            [
              -1.8575593269465391,
              52.13645973286245
            ],
            [
              -1.8575446992513747,
              52.136465109522895
            ],
            [
              -1.8575286162260873,
              52.136468686328605
            ],
            [
              -1.8574803871815544,
              52.13647312341298
            ],
            [
              -1.8574406239249561,
              52.13648017793408
            ],
            [
              -1.8574056182189425,
              52.13648299467146
            ],
            [
              -1.8573888891923205,
              52.13648434103676
            ],
            [
              -1.8573863625759361,
              52.136484939451165
            ],
            [
              -1.8573252020676678,
              52.13649978983345
            ],
            [
              -1.8572955824589046,
              52.13650698152107
            ],
            [
              -1.8572861440112358,
              52.136509273485615
            ],
            [
              -1.8572803338537172,
              52.13651095668033
            ],
            [
              -1.8570380120394567,
              52.13658115009434
            ],
            [
              -1.8568443762101334,
              52.13664092988096
            ],
            [
              -1.856724949536063,
              52.13667722359059
            ],
            [
              -1.8566629163843669,
              52.136700708836464
            ],
            [
              -1.8566165368205776,
              52.136728818874076
            ],
            [
              -1.8565840701190024,
              52.136757641644685
            ],
            [
              -1.8565477414135725,
              52.13678520914041
            ],
            [
              -1.856518064409898,
              52.13676828536991
            ],
            [
              -1.8564536031575347,
              52.13673152587534
            ],
            [
              -1.8563843127225947,
              52.13669718790833
            ],
            [
              -1.856306019559793,
              52.13664548730521
            ],
            [
              -1.8562345837205059,
              52.136596851760004
            ],
            [
              -1.8561599501916493,
              52.13654308769856
            ],
            [
              -1.8560204654822845,
              52.13643781897546
            ],
            [
              -1.8559529826458376,
              52.13638685054667
            ],
            [
              -1.8559024072905346,
              52.13634857929181
            ],
            [
              -1.8557826192102067,
              52.13625223488875
            ],
            [
              -1.855727687693415,
              52.13620568698875
            ],
            [
              -1.8555921878782031,
              52.136088645073386
            ],
            [
              -1.8555047781046596,
              52.13601032093384
            ],
            [
              -1.8554872979290773,
              52.135994116670695
            ],
            [
              -1.8554756415815805,
              52.135984212872785
            ],
            [
              -1.855459602131316,
              52.13597430371198
            ],
            [
              -1.85543626912962,
              52.135960789428964
            ],
            [
              -1.8554041757426354,
              52.13594546632268
            ],
            [
              -1.8553779119853062,
              52.1359346455891
            ],
            [
              -1.8553116653267334,
              52.135908492059485
            ],
            [
              -1.8550712144843642,
              52.135856699835166
            ],
            [
              -1.8550488615784644,
              52.13585188947375
            ],
            [
              -1.8549745758255003,
              52.13583589413862
            ],
            [
              -1.8549312425025,
              52.135826560957575
            ],
            [
              -1.8547515408042712,
              52.13578785728686
            ],
            [
              -1.8543200226459031,
              52.13569491726245
            ],
            [
              -1.8542547853495375,
              52.13568213414357
            ],
            [
              -1.8539826813928961,
              52.135628817217274
            ],
            [
              -1.8539815717184167,
              52.13562860007411
            ],
            [
              -1.8536778873708846,
              52.13556439188731
            ],
            [
              -1.853445732050498,
              52.13551915169583
            ]
          ]
        ]
      },
      "properties": {
        "caseReference": "EN0110033",
        "projectName": "Arrow Valley Solar",
        "fileName": "EN0110033 arrowvalleysolar_scoping_cablecorridor_11032026.geojson",
        "receivedDate": "2026-07-06T13:32:48.000Z"
      }
    },
    {
      "type": "Feature",
      "geometry": {
        "bbox": [
          0.3469084531119659,
          51.4672322004942,
          0.35002006212778153,
          51.46988095911375
        ],
        "type": "Polygon",
        "coordinates": [
          [
            [
              0.3497573853609794,
              51.46871818355555,
              0
            ],
            [
              0.3497040554182354,
              51.4686884559468,
              0
            ],
            [
              0.3496791408145925,
              51.468646338028314,
              0
            ],
            [
              0.34968200906981806,
              51.46861360728515,
              0
            ],
            [
              0.3497011886138971,
              51.468545471751405,
              0
            ],
            [
              0.3497304612165904,
              51.46845677857748,
              0
            ],
            [
              0.3497347282605128,
              51.46838066002882,
              0
            ],
            [
              0.34974381353445405,
              51.46821421161543,
              0
            ],
            [
              0.34906981039735974,
              51.46801264351598,
              0
            ],
            [
              0.3490516374825147,
              51.46802228647739,
              0
            ],
            [
              0.3490310473266039,
              51.46802936047855,
              0
            ],
            [
              0.34900384893581415,
              51.46803570650623,
              0
            ],
            [
              0.34898800072962244,
              51.46803737132449,
              0
            ],
            [
              0.34897135574050675,
              51.46803911984058,
              0
            ],
            [
              0.3489448732955877,
              51.4680393949206,
              0
            ],
            [
              0.34892063036067733,
              51.46803799255884,
              0
            ],
            [
              0.3488993389459381,
              51.468035385308944,
              0
            ],
            [
              0.34887416724602893,
              51.46803083153756,
              0
            ],
            [
              0.34882260975043294,
              51.4680169629593,
              0
            ],
            [
              0.348802361152466,
              51.468011076506215,
              0
            ],
            [
              0.3487755990983451,
              51.46800305961711,
              0
            ],
            [
              0.34875136772030535,
              51.467994345249664,
              0
            ],
            [
              0.3487375481298899,
              51.46798906793568,
              0
            ],
            [
              0.3486993264792228,
              51.467971748663025,
              0
            ],
            [
              0.3486542966542141,
              51.467949657049154,
              0
            ],
            [
              0.3486483299115814,
              51.46794302561539,
              0
            ],
            [
              0.3484998255795797,
              51.46786797924927,
              0
            ],
            [
              0.34849079441958536,
              51.46781465065717,
              0
            ],
            [
              0.34848244800360445,
              51.46772475098967,
              0
            ],
            [
              0.3484725080275826,
              51.467634100839724,
              0
            ],
            [
              0.34846709131510023,
              51.467588072749486,
              0
            ],
            [
              0.3484649387165713,
              51.46756836679553,
              0
            ],
            [
              0.34844142870892053,
              51.46750950815138,
              0
            ],
            [
              0.34843740660380207,
              51.46749943856555,
              0
            ],
            [
              0.348319377140252,
              51.46720394246649,
              0
            ],
            [
              0.34764225655091463,
              51.467314967691905,
              0
            ],
            [
              0.3478021741584951,
              51.467697675331614,
              0
            ],
            [
              0.3478478673891011,
              51.4678495095823,
              0
            ],
            [
              0.3478537880243614,
              51.4679254194904,
              0
            ],
            [
              0.34785970868338906,
              51.46800132939702,
              0
            ],
            [
              0.3478511076471075,
              51.46802801362347,
              0
            ],
            [
              0.34784250660127186,
              51.468054697849304,
              0
            ],
            [
              0.34778847409977953,
              51.46810305284438,
              0
            ],
            [
              0.3477344414848268,
              51.46815140781562,
              0
            ],
            [
              0.34766699276020024,
              51.468204883293794,
              0
            ],
            [
              0.3476168286755445,
              51.46824431591837,
              0
            ],
            [
              0.34756666450473883,
              51.46828374852231,
              0
            ],
            [
              0.34742630375372463,
              51.468404622197355,
              0
            ],
            [
              0.3475118665318448,
              51.46843051328438,
              0
            ],
            [
              0.3474746376730313,
              51.468446911518704,
              0
            ],
            [
              0.34744710550731167,
              51.46845501717768,
              0
            ],
            [
              0.3473926925423466,
              51.468469191962434,
              0
            ],
            [
              0.3473630346245656,
              51.46847698044367,
              0
            ],
            [
              0.34731668499613794,
              51.46848161831102,
              0
            ],
            [
              0.3472675582322614,
              51.468487975513156,
              0
            ],
            [
              0.3471807301190267,
              51.468489327494645,
              0
            ],
            [
              0.3470949753546544,
              51.46848592300177,
              0
            ],
            [
              0.3469883719767204,
              51.468481560813416,
              0
            ],
            [
              0.3469776389467482,
              51.46858018480375,
              0
            ],
            [
              0.3470885631632565,
              51.46858545402998,
              0
            ],
            [
              0.34709520213921463,
              51.4685869795046,
              0
            ],
            [
              0.34716253736078395,
              51.46858961519278,
              0
            ],
            [
              0.3472266192627955,
              51.468597316205674,
              0
            ],
            [
              0.3472762697217017,
              51.468608871975434,
              0
            ],
            [
              0.3473259202050996,
              51.46862042772382,
              0
            ],
            [
              0.3473273497732416,
              51.46862050701459,
              0
            ],
            [
              0.3473525976599412,
              51.468660322410855,
              0
            ],
            [
              0.3474138607359386,
              51.468755034988355,
              0
            ],
            [
              0.3474498759685726,
              51.468809932163204,
              0
            ],
            [
              0.34747156700014536,
              51.46885576776455,
              0
            ],
            [
              0.3474928585255846,
              51.46887320635173,
              0
            ],
            [
              0.3475141500673674,
              51.46889064493475,
              0
            ],
            [
              0.34756913773810266,
              51.46892691941382,
              0
            ],
            [
              0.34762412549618493,
              51.468963193865775,
              0
            ],
            [
              0.34772036238453313,
              51.46902667943579,
              0
            ],
            [
              0.3477628964022404,
              51.4690547382025,
              0
            ],
            [
              0.3478518746734168,
              51.46915035081665,
              0
            ],
            [
              0.3479408533210958,
              51.469245963357004,
              0
            ],
            [
              0.3480086202977656,
              51.469338584836855,
              0
            ],
            [
              0.3481016949331255,
              51.46954520070076,
              0
            ],
            [
              0.3481634590127426,
              51.46968774666317,
              0
            ],
            [
              0.3482097353838699,
              51.46985956094639,
              0
            ],
            [
              0.348205244160935,
              51.46989687825328,
              0
            ],
            [
              0.3490394046030183,
              51.46990061537216,
              0
            ],
            [
              0.3490455558555588,
              51.46983115904671,
              0
            ],
            [
              0.3490502333826452,
              51.46976847265497,
              0
            ],
            [
              0.34905491089971397,
              51.4697057862626,
              0
            ],
            [
              0.3490630429356272,
              51.46963396549749,
              0
            ],
            [
              0.3490711749496412,
              51.469562144731334,
              0
            ],
            [
              0.3490887125983295,
              51.46949234330285,
              0
            ],
            [
              0.34910625019688213,
              51.46942254187166,
              0
            ],
            [
              0.34912023782597185,
              51.4693884651143,
              0
            ],
            [
              0.3491507416579816,
              51.46933729853313,
              0
            ],
            [
              0.3491812454233304,
              51.46928613194445,
              0
            ],
            [
              0.3492316102824756,
              51.46922398680413,
              0
            ],
            [
              0.349281975006737,
              51.46916184164326,
              0
            ],
            [
              0.3493408733781143,
              51.46909974126088,
              0
            ],
            [
              0.349399771591236,
              51.46903764085033,
              0
            ],
            [
              0.3494531977216964,
              51.468977776979614,
              0
            ],
            [
              0.3495066237139982,
              51.46891791308574,
              0
            ],
            [
              0.3495711245003074,
              51.46888863338278,
              0
            ],
            [
              0.34972708324978036,
              51.468874112783595,
              0
            ],
            [
              0.34981278378302516,
              51.46888413213524,
              0
            ],
            [
              0.34984829892384794,
              51.46888798744547,
              0
            ],
            [
              0.34990614466164033,
              51.468890799943765,
              0
            ],
            [
              0.3499634870395116,
              51.46878016480573,
              0
            ],
            [
              0.3499240668476714,
              51.468770145907456,
              0
            ],
            [
              0.3498239288725337,
              51.468744695109436,
              0
            ],
            [
              0.34982333170214164,
              51.4687330480214,
              0
            ],
            [
              0.3497573853609794,
              51.46871818355555,
              0
            ]
          ]
        ]
      },
      "properties": {
        "caseReference": "TR030003",
        "projectName": "Tilbury2",
        "fileName": "TR030003 Tilbury 2 DCO Boundaries Acceptance - 5153187-ATK-ZZ-ZZ-M2-ZZ-0005 DCO Boundary.geojson",
        "receivedDate": "2026-09-06T23:46:27.000Z"
      }
    },
    {
      "type": "Feature",
      "geometry": {
        "bbox": [
          -2.233007679656688,
          51.40260941197418,
          -2.2322469307723494,
          51.402993868133755
        ],
        "type": "Polygon",
        "coordinates": [
          [
            [
              -2.2325667548996324,
              51.402737870945316
            ],
            [
              -2.232377561569058,
              51.402730154157794
            ],
            [
              -2.232293644935008,
              51.402737424080556
            ],
            [
              -2.23224525248472,
              51.40266288955757
            ],
            [
              -2.232444894922345,
              51.402619862227006
            ],
            [
              -2.23254515923065,
              51.40261033159904
            ],
            [
              -2.2326287541746455,
              51.40261053777667
            ],
            [
              -2.2327796614679216,
              51.40261983728689
            ],
            [
              -2.232856467191222,
              51.4026537592306
            ],
            [
              -2.2329205319901777,
              51.402687972625095
            ],
            [
              -2.2329709821934896,
              51.40274572978769
            ],
            [
              -2.232996369293994,
              51.40279485808888
            ],
            [
              -2.2330090112871943,
              51.402871168272675
            ],
            [
              -2.23300446479207,
              51.40288172630188
            ],
            [
              -2.233001748358942,
              51.402888619296846
            ],
            [
              -2.232996302795373,
              51.40290330087829
            ],
            [
              -2.2329923473941,
              51.40291758386209
            ],
            [
              -2.23298974588974,
              51.40293181020153
            ],
            [
              -2.232988477319992,
              51.40294694563954
            ],
            [
              -2.2329885172959014,
              51.402954804244644
            ],
            [
              -2.2329921979982994,
              51.402985994279206
            ],
            [
              -2.2328389154159813,
              51.402992692279405
            ],
            [
              -2.2328315905223897,
              51.4029657319571
            ],
            [
              -2.2328085195059706,
              51.402901065075916
            ],
            [
              -2.232719753189476,
              51.40280269868768
            ],
            [
              -2.2327122993581554,
              51.402796743061714
            ],
            [
              -2.2327007578632654,
              51.40278867353539
            ],
            [
              -2.232691698961079,
              51.4027814370936
            ],
            [
              -2.232680070954701,
              51.40277501320552
            ],
            [
              -2.232669384876874,
              51.40276836984687
            ],
            [
              -2.23265987158473,
              51.402763937895976
            ],
            [
              -2.2326452566855886,
              51.40275758288164
            ],
            [
              -2.2326339699915834,
              51.402752125810146
            ],
            [
              -2.2326225982223487,
              51.40274859851049
            ],
            [
              -2.232607850738973,
              51.40274444130936
            ],
            [
              -2.232600944626191,
              51.40274272863755
            ],
            [
              -2.232594282613611,
              51.40274095973225
            ],
            [
              -2.232585084417543,
              51.40274025867585
            ],
            [
              -2.2325733274606163,
              51.40273844414303
            ],
            [
              -2.2325667548996324,
              51.402737870945316
            ]
          ]
        ]
      },
      "properties": {
        "caseReference": "EN010168",
        "projectName": "Lime Down Solar Project",
        "fileName": "P4443_LPR_ZZ_XX_M2_Z_PRJ_0295_OrderLimits.geojson",
        "receivedDate": "2026-07-16T10:58:19.000Z"
      }
    },
    {
      "type": "Feature",
      "geometry": {
        "bbox": [
          -0.9386568009227679,
          51.88226521876555,
          -0.9350676962509475,
          51.88369953944905
        ],
        "type": "Polygon",
        "coordinates": [
          [
            [
              -0.9357917089587422,
              51.88249649688895,
              0
            ],
            [
              -0.9356834675188133,
              51.882465847116734,
              0
            ],
            [
              -0.935589624432202,
              51.88244072198752,
              0
            ],
            [
              -0.9355275467913894,
              51.88242397642372,
              0
            ],
            [
              -0.9354770470140483,
              51.88240913335662,
              0
            ],
            [
              -0.9354366728558978,
              51.882396180762974,
              0
            ],
            [
              -0.9353933509829303,
              51.88238499930117,
              0
            ],
            [
              -0.93536152200297,
              51.88237931631214,
              0
            ],
            [
              -0.9353282620457998,
              51.88237272201382,
              0
            ],
            [
              -0.93524883871799,
              51.88235222267375,
              0
            ],
            [
              -0.9352026753532205,
              51.88233831817204,
              0
            ],
            [
              -0.9351579916126959,
              51.88232352978067,
              0
            ],
            [
              -0.9351162442240413,
              51.88230696574031,
              0
            ],
            [
              -0.935100717499316,
              51.88230184451067,
              0
            ],
            [
              -0.9351542993599827,
              51.88223358175477,
              0
            ],
            [
              -0.9352021662887282,
              51.882250141878245,
              0
            ],
            [
              -0.935226353512475,
              51.882258510112734,
              0
            ],
            [
              -0.9352812105130965,
              51.88227339270638,
              0
            ],
            [
              -0.935372211500874,
              51.88229579456359,
              0
            ],
            [
              -0.9354371517258572,
              51.882314364461294,
              0
            ],
            [
              -0.9355006398064285,
              51.882332921188855,
              0
            ],
            [
              -0.9356737787696712,
              51.8823839388697,
              0
            ],
            [
              -0.9358122686472291,
              51.88242565176126,
              0
            ],
            [
              -0.9359237114515939,
              51.882461027382625,
              0
            ],
            [
              -0.9359463809464472,
              51.8824682243652,
              0
            ],
            [
              -0.9360069187248801,
              51.88248864195392,
              0
            ],
            [
              -0.9360223173830337,
              51.88247026855513,
              0
            ],
            [
              -0.936040358870142,
              51.882448726781604,
              0
            ],
            [
              -0.9360416908290843,
              51.88244917565291,
              0
            ],
            [
              -0.936062674650831,
              51.88245625804501,
              0
            ],
            [
              -0.9361063740221397,
              51.88247027822753,
              0
            ],
            [
              -0.9361713301798285,
              51.88248845932402,
              0
            ],
            [
              -0.9362524660275363,
              51.88251175913326,
              0
            ],
            [
              -0.9362563139122274,
              51.88251295184089,
              0
            ],
            [
              -0.9363569505893997,
              51.882546474376866,
              0
            ],
            [
              -0.9364862214318963,
              51.88258155563854,
              0
            ],
            [
              -0.936488037869157,
              51.882582067053455,
              0
            ],
            [
              -0.9367653240161756,
              51.88266300478569,
              0
            ],
            [
              -0.9368494624646423,
              51.88268775868679,
              0
            ],
            [
              -0.9369556151587586,
              51.882716376131754,
              0
            ],
            [
              -0.9371019019798946,
              51.88275665645186,
              0
            ],
            [
              -0.9372418782997844,
              51.882793499110974,
              0
            ],
            [
              -0.9373709526292167,
              51.88282501328231,
              0
            ],
            [
              -0.9375216355435189,
              51.882861545625374,
              0
            ],
            [
              -0.9376401478399595,
              51.88289159768496,
              0
            ],
            [
              -0.9376928041795867,
              51.882901303478754,
              0
            ],
            [
              -0.9377505000652531,
              51.88291168583217,
              0
            ],
            [
              -0.937752953320236,
              51.882912155779785,
              0
            ],
            [
              -0.9378504495625117,
              51.88293204328894,
              0
            ],
            [
              -0.9379291288581304,
              51.882949061458305,
              0
            ],
            [
              -0.9379309936009154,
              51.88294948109139,
              0
            ],
            [
              -0.9379340701473811,
              51.88295025684334,
              0
            ],
            [
              -0.9379687195903856,
              51.8829595607506,
              0
            ],
            [
              -0.9379720992443321,
              51.88296053185905,
              0
            ],
            [
              -0.9380054143675373,
              51.88297076597328,
              0
            ],
            [
              -0.938134901470446,
              51.883010963655444,
              0
            ],
            [
              -0.9381874733933644,
              51.88302497859661,
              0
            ],
            [
              -0.9381561840251063,
              51.883065581093156,
              0
            ],
            [
              -0.9381932179999479,
              51.88307545522858,
              0
            ],
            [
              -0.9382738838525626,
              51.883096961463345,
              0
            ],
            [
              -0.9383604245819284,
              51.88312381692745,
              0
            ],
            [
              -0.9383922756559605,
              51.883128599847424,
              0
            ],
            [
              -0.9384145299843991,
              51.88313060058288,
              0
            ],
            [
              -0.938425621307321,
              51.883131597881835,
              0
            ],
            [
              -0.9384633456917735,
              51.88313373649596,
              0
            ],
            [
              -0.93849498508616,
              51.88314750871773,
              0
            ],
            [
              -0.9386049343762289,
              51.883185993623,
              0
            ],
            [
              -0.9386349045748078,
              51.88319514921943,
              0
            ],
            [
              -0.9384798532639951,
              51.88345073654642,
              0
            ],
            [
              -0.9384642899930119,
              51.88349465346478,
              0
            ],
            [
              -0.9384500519088549,
              51.88354397685679,
              0
            ],
            [
              -0.9384345309335699,
              51.88358609524604,
              0
            ],
            [
              -0.9384235166170568,
              51.88362196085397,
              0
            ],
            [
              -0.938434718648591,
              51.88371386263135,
              0
            ],
            [
              -0.9384253336392269,
              51.883729872100794,
              0
            ],
            [
              -0.9384092044372884,
              51.88372759076177,
              0
            ],
            [
              -0.938262290918757,
              51.88370680629282,
              0
            ],
            [
              -0.9382737212194124,
              51.8836898422968,
              0
            ],
            [
              -0.9382889247803566,
              51.88366120737418,
              0
            ],
            [
              -0.9383042553604202,
              51.88362717907184,
              0
            ],
            [
              -0.938330749411605,
              51.88355099253755,
              0
            ],
            [
              -0.9383572636524445,
              51.88347390727446,
              0
            ],
            [
              -0.9383851047799772,
              51.883402228496884,
              0
            ],
            [
              -0.9383943916046407,
              51.883378035809905,
              0
            ],
            [
              -0.938402247353186,
              51.88335293130965,
              0
            ],
            [
              -0.9384055973191944,
              51.88333407959543,
              0
            ],
            [
              -0.9384075153179302,
              51.88331431660938,
              0
            ],
            [
              -0.9384077270345967,
              51.88330532728034,
              0
            ],
            [
              -0.9384064653539183,
              51.8832972235658,
              0
            ],
            [
              -0.9384010780933809,
              51.88327919249589,
              0
            ],
            [
              -0.9383926381717469,
              51.883267427867715,
              0
            ],
            [
              -0.9383812929090299,
              51.88325563703256,
              0
            ],
            [
              -0.9383713575469222,
              51.88324565672252,
              0
            ],
            [
              -0.9383599699474854,
              51.883235663860894,
              0
            ],
            [
              -0.9383385199720952,
              51.883221084063315,
              0
            ],
            [
              -0.9383155745338169,
              51.883208289678095,
              0
            ],
            [
              -0.9382882089198696,
              51.88319815212772,
              0
            ],
            [
              -0.9382175190715649,
              51.88317683468309,
              0
            ],
            [
              -0.9381035271758419,
              51.883143438012574,
              0
            ],
            [
              -0.9379851364271397,
              51.883111799346956,
              0
            ],
            [
              -0.9378955423398628,
              51.883091210029086,
              0
            ],
            [
              -0.9377800139390582,
              51.883061395892604,
              0
            ],
            [
              -0.9376745691817001,
              51.88303526827614,
              0
            ],
            [
              -0.9375618607696098,
              51.883009075544244,
              0
            ],
            [
              -0.9375127491856325,
              51.882996943699226,
              0
            ],
            [
              -0.9374636579397578,
              51.88298391256396,
              0
            ],
            [
              -0.9373843596921473,
              51.88295802127947,
              0
            ],
            [
              -0.9372182212940787,
              51.882905720993655,
              0
            ],
            [
              -0.9371060268565196,
              51.88287009122237,
              0
            ],
            [
              -0.9369934684803564,
              51.88283760531961,
              0
            ],
            [
              -0.9368953723543411,
              51.88280794720532,
              0
            ],
            [
              -0.9368794995730392,
              51.88280330820942,
              0
            ],
            [
              -0.9368636064717923,
              51.88279956848111,
              0
            ],
            [
              -0.9368491231927008,
              51.882797639294836,
              0
            ],
            [
              -0.9366477899324549,
              51.88275302206002,
              0
            ],
            [
              -0.9366392436478148,
              51.88274575196254,
              0
            ],
            [
              -0.9366277505259663,
              51.88274025359764,
              0
            ],
            [
              -0.9365796936924453,
              51.882726511984096,
              0
            ],
            [
              -0.9364921005991107,
              51.882701264598985,
              0
            ],
            [
              -0.9363851395421734,
              51.8826717059515,
              0
            ],
            [
              -0.9362772941491228,
              51.882636564139126,
              0
            ],
            [
              -0.9361885955036882,
              51.882608878723715,
              0
            ],
            [
              -0.936116391732609,
              51.88259024358655,
              0
            ],
            [
              -0.9360543561255276,
              51.88257170032444,
              0
            ],
            [
              -0.9360082134975206,
              51.882556897423804,
              0
            ],
            [
              -0.935964933767954,
              51.88254391819668,
              0
            ],
            [
              -0.9358985195582142,
              51.88252623471971,
              0
            ],
            [
              -0.9357917089587422,
              51.88249649688895,
              0
            ]
          ]
        ]
      },
      "properties": {
        "caseReference": "EN010158",
        "projectName": "Rosefield Solar Farm",
        "fileName": "Rosefield acceptance shapefile.geojson",
        "receivedDate": "2026-07-28T10:57:52.000Z"
      }
    },
    {
      "type": "Feature",
      "geometry": {
        "bbox": [
          -0.04341569760739166,
          51.61256103332145,
          -0.03758008917479189,
          51.61900124647333
        ],
        "type": "Polygon",
        "coordinates": [
          [
            [
              -0.04242957967717148,
              51.6190483142876
            ],
            [
              -0.04224550698540335,
              51.619016921340325
            ],
            [
              -0.04188665148281768,
              51.61894170908957
            ],
            [
              -0.04146396652708582,
              51.618860900289754
            ],
            [
              -0.0412441334758213,
              51.61881797437196
            ],
            [
              -0.04075238796816051,
              51.618721140182416
            ],
            [
              -0.04047848926621921,
              51.61866898298308
            ],
            [
              -0.04028147165827293,
              51.61862881537206
            ],
            [
              -0.040016065114375145,
              51.61857917812548
            ],
            [
              -0.039925817193545085,
              51.61856696452227
            ],
            [
              -0.039664160954520404,
              51.618541181751674
            ],
            [
              -0.039284541751123135,
              51.61850331620552
            ],
            [
              -0.03926748293274923,
              51.61850005718372
            ],
            [
              -0.038903102663620105,
              51.618419023339186
            ],
            [
              -0.038615218799264314,
              51.61835889550331
            ],
            [
              -0.03844011396063682,
              51.61832028055143
            ],
            [
              -0.038218505038924246,
              51.61827434516784
            ],
            [
              -0.03788920054291518,
              51.61819984251016
            ],
            [
              -0.03761740100290792,
              51.618136359530126
            ],
            [
              -0.03761772886039906,
              51.61813582237813
            ],
            [
              -0.03761777005222938,
              51.618135755210524
            ],
            [
              -0.03765368809051622,
              51.618077537126766
            ],
            [
              -0.0378091151533701,
              51.61779700264178
            ],
            [
              -0.03789613909604231,
              51.61764023608325
            ],
            [
              -0.038063687268569395,
              51.61734443863599
            ],
            [
              -0.038249957520718914,
              51.61701326484247
            ],
            [
              -0.03838141774145167,
              51.61677872475304
            ],
            [
              -0.03860085037867897,
              51.616387433284366
            ],
            [
              -0.03870520196039365,
              51.61620537854281
            ],
            [
              -0.03882309224047483,
              51.615997377974224
            ],
            [
              -0.03896952741721472,
              51.615725613969296
            ],
            [
              -0.03905646958047584,
              51.615747885009014
            ],
            [
              -0.03917314606498039,
              51.61554581198122
            ],
            [
              -0.039283657421013383,
              51.61535374774105
            ],
            [
              -0.03938640167451746,
              51.61516452774769
            ],
            [
              -0.039460087986133936,
              51.615050958873816
            ],
            [
              -0.039449764968003086,
              51.6150466227384
            ],
            [
              -0.03931454124808744,
              51.61501402845077
            ],
            [
              -0.03932647808365996,
              51.61498091810044
            ],
            [
              -0.03935179315944621,
              51.61490341995395
            ],
            [
              -0.03939002524928438,
              51.61479223299966
            ],
            [
              -0.03934812340117791,
              51.61472253436607
            ],
            [
              -0.039234885556142754,
              51.61468971239607
            ],
            [
              -0.03927694365078769,
              51.61460059760555
            ],
            [
              -0.039130494989858114,
              51.61456246224255
            ],
            [
              -0.03927543773223511,
              51.61432517227965
            ],
            [
              -0.03927289959430487,
              51.614295389042724
            ],
            [
              -0.03929619761281062,
              51.614286855958106
            ],
            [
              -0.03929690792473998,
              51.614248204731005
            ],
            [
              -0.03932531957266283,
              51.614254032660725
            ],
            [
              -0.03965609783651032,
              51.61433807317538
            ],
            [
              -0.03974040398337046,
              51.61435494635308
            ],
            [
              -0.03975907473476592,
              51.61432075878098
            ],
            [
              -0.03986346796058234,
              51.614137514072205
            ],
            [
              -0.03999047770335371,
              51.61391717346452
            ],
            [
              -0.040059861549196524,
              51.61378670471223
            ],
            [
              -0.040183117701630605,
              51.61381451260847
            ],
            [
              -0.04026669807033648,
              51.61367077276882
            ],
            [
              -0.04028849577159312,
              51.61365269737233
            ],
            [
              -0.0403058782525799,
              51.61362622082381
            ],
            [
              -0.040332219132268685,
              51.613613574619826
            ],
            [
              -0.040380851529565866,
              51.61359356794264
            ],
            [
              -0.04039889956327359,
              51.6135516372556
            ],
            [
              -0.04046963967209875,
              51.61343980301658
            ],
            [
              -0.04049560693645386,
              51.61339146153255
            ],
            [
              -0.04056637214795522,
              51.61327903283775
            ],
            [
              -0.040607025961841556,
              51.61324461727832
            ],
            [
              -0.04048161557051157,
              51.6132219138408
            ],
            [
              -0.040482275474554984,
              51.61319078572165
            ],
            [
              -0.04047547499673615,
              51.61314903501924
            ],
            [
              -0.04050727277539311,
              51.613098411598145
            ],
            [
              -0.040679388025754916,
              51.613050725271066
            ],
            [
              -0.041032952058679927,
              51.61293825794747
            ],
            [
              -0.04143028715185527,
              51.61278547757361
            ],
            [
              -0.04155918250921118,
              51.61274301696776
            ],
            [
              -0.041781177904669634,
              51.61265706635559
            ],
            [
              -0.042053332173704175,
              51.61253831627885
            ],
            [
              -0.042070277032117916,
              51.612655183004954
            ],
            [
              -0.042019813694350434,
              51.612673375382855
            ],
            [
              -0.04204038100569292,
              51.61281706928826
            ],
            [
              -0.0420306804188997,
              51.61282047637659
            ],
            [
              -0.04187564990344343,
              51.61287082894932
            ],
            [
              -0.041984621654702514,
              51.613024919839305
            ],
            [
              -0.04213792219929706,
              51.61297037454895
            ],
            [
              -0.042122042421742986,
              51.61287315455654
            ],
            [
              -0.04216603592620398,
              51.612872103904664
            ],
            [
              -0.0421641176167056,
              51.61291668316011
            ],
            [
              -0.042174840784654354,
              51.612956119918266
            ],
            [
              -0.04217738077340523,
              51.61298590311793
            ],
            [
              -0.04218695298908928,
              51.613052087427604
            ],
            [
              -0.04221906269904452,
              51.61321619757391
            ],
            [
              -0.04222825973222965,
              51.613313306085395
            ],
            [
              -0.04223599007993635,
              51.61348890592784
            ],
            [
              -0.042229690192812835,
              51.61354649806603
            ],
            [
              -0.042218071159546885,
              51.61359448441982
            ],
            [
              -0.042207739337749635,
              51.61363475962564
            ],
            [
              -0.042186777585097535,
              51.61367783161504
            ],
            [
              -0.0421382386419246,
              51.61380669203589
            ],
            [
              -0.04208203525646478,
              51.614002638868506
            ],
            [
              -0.042013640900626696,
              51.61423764021366
            ],
            [
              -0.04196877454769506,
              51.61439213893382
            ],
            [
              -0.041927778030207745,
              51.6145455125559
            ],
            [
              -0.041904231745429545,
              51.61464861785197
            ],
            [
              -0.04188261224763386,
              51.61472915225561
            ],
            [
              -0.04187053201870723,
              51.614787837574795
            ],
            [
              -0.041832688624979665,
              51.614956728988155
            ],
            [
              -0.04180775105132666,
              51.61513654238289
            ],
            [
              -0.041805004239917266,
              51.61524475316536
            ],
            [
              -0.04181573573677327,
              51.61530619829051
            ],
            [
              -0.041818377916616,
              51.61533360392674
            ],
            [
              -0.04183570789788481,
              51.615374935364805
            ],
            [
              -0.04196894550781888,
              51.61560913638045
            ],
            [
              -0.04200540495300061,
              51.61567220027581
            ],
            [
              -0.04223134984451619,
              51.61608341817513
            ],
            [
              -0.042378333368923146,
              51.616353536917075
            ],
            [
              -0.042514653970189345,
              51.616605038332246
            ],
            [
              -0.04268984145123159,
              51.61693035006532
            ],
            [
              -0.04276343796358919,
              51.617063031622074
            ],
            [
              -0.042928765315808394,
              51.61737330814207
            ],
            [
              -0.043062432004848064,
              51.617620006067504
            ],
            [
              -0.04313218584123451,
              51.61775321811949
            ],
            [
              -0.043150779529294574,
              51.61778743260768
            ],
            [
              -0.043167881481399904,
              51.61783411336431
            ],
            [
              -0.04317687591198641,
              51.61786935745717
            ],
            [
              -0.0431832360187541,
              51.617899204289216
            ],
            [
              -0.04318500101905002,
              51.61792481080672
            ],
            [
              -0.04318359473683553,
              51.61795750225232
            ],
            [
              -0.04317952854178254,
              51.61798539082738
            ],
            [
              -0.04316973341611263,
              51.61801318389971
            ],
            [
              -0.04316308400287827,
              51.618034486433544
            ],
            [
              -0.043138531846584255,
              51.618072145372885
            ],
            [
              -0.04308389490686446,
              51.618187223683606
            ],
            [
              -0.043035182514629004,
              51.61827563401285
            ],
            [
              -0.042896401527391874,
              51.61854753050291
            ],
            [
              -0.04282133683153949,
              51.61869319854537
            ],
            [
              -0.04270493229503834,
              51.61891133962422
            ],
            [
              -0.042661094869345564,
              51.61899745181887
            ],
            [
              -0.042618135385160946,
              51.6190853630847
            ],
            [
              -0.04242957967717148,
              51.6190483142876
            ]
          ]
        ]
      },
      "properties": {
        "caseReference": "EN010071",
        "projectName": "North London Heat and Power Project",
        "fileName": "305_EN010071.geojson",
        "receivedDate": "2026-09-03T09:50:51.000Z"
      }
    },
    {
      "type": "Feature",
      "geometry": {
        "bbox": [
          2.3296189554472573,
          52.08451348630949,
          2.5790674236602116,
          52.3876463986222
        ],
        "type": "Polygon",
        "coordinates": [
          [
            [
              2.46719822420234,
              52.079370441217286
            ],
            [
              2.350380494617303,
              52.297332343807085
            ],
            [
              2.4601123356248573,
              52.319493071073396
            ],
            [
              2.527790041139729,
              52.38962557089717
            ],
            [
              2.5705199207779277,
              52.364898514552436
            ],
            [
              2.57045681000433,
              52.304398108703616
            ],
            [
              2.54946992425839,
              52.12099984338298
            ],
            [
              2.51726269771448,
              52.079586110525106
            ],
            [
              2.46719822420234,
              52.079370441217286
            ]
          ]
        ]
      },
      "properties": {
        "caseReference": "EN010025",
        "projectName": "East Anglia ONE Offshore Windfarm",
        "fileName": "72_EN010025.geojson",
        "receivedDate": "2026-08-28T14:28:13.000Z"
      }
    },
    {
      "type": "Feature",
      "geometry": {
        "bbox": [
          -0.9943780930905654,
          50.85334557725407,
          -0.9933408571590707,
          50.85368789726477
        ],
        "type": "Polygon",
        "coordinates": [
          [
            [
              -0.9935513104039451,
              50.85356629103803
            ],
            [
              -0.9935474037988549,
              50.85356542372843
            ],
            [
              -0.9935472871913761,
              50.85356542901797
            ],
            [
              -0.9935472381242442,
              50.853565464565904
            ],
            [
              -0.9935445283717869,
              50.85356483059541
            ],
            [
              -0.993492225439315,
              50.85355268906561
            ],
            [
              -0.9934766688647341,
              50.853549407469885
            ],
            [
              -0.9934476766328095,
              50.853543312197516
            ],
            [
              -0.9934209017996309,
              50.85353729449136
            ],
            [
              -0.9934094216389991,
              50.85353471350037
            ],
            [
              -0.9934093963894618,
              50.853534764541294
            ],
            [
              -0.9934092606705646,
              50.85353473369493
            ],
            [
              -0.9934094445307257,
              50.85353430992356
            ],
            [
              -0.9933727442674509,
              50.8535264791121
            ],
            [
              -0.9933444622582185,
              50.85352038993853
            ],
            [
              -0.993383076757468,
              50.853425212793184
            ],
            [
              -0.993384693025885,
              50.85342543086605
            ],
            [
              -0.993421440656486,
              50.85343429175174
            ],
            [
              -0.9934779949251917,
              50.853446919608295
            ],
            [
              -0.9934808246242914,
              50.85344739274521
            ],
            [
              -0.9935797473041433,
              50.85347162679449
            ],
            [
              -0.9936313974603074,
              50.853485382250874
            ],
            [
              -0.9936339089822867,
              50.853486051380685
            ],
            [
              -0.9936390733108362,
              50.8534874259298
            ],
            [
              -0.9936447631354643,
              50.85348702444576
            ],
            [
              -0.9936809830572012,
              50.85348733579476
            ],
            [
              -0.993684473434952,
              50.85348734340248
            ],
            [
              -0.9936849251764709,
              50.85348734459901
            ],
            [
              -0.993883992112628,
              50.853487762874416
            ],
            [
              -0.9938840225875691,
              50.85348779910807
            ],
            [
              -0.9938840845818212,
              50.853487823023514
            ],
            [
              -0.9940119813985392,
              50.85348803051837
            ],
            [
              -0.9940281361170351,
              50.8534880078677
            ],
            [
              -0.9940281803811369,
              50.85348799745786
            ],
            [
              -0.9940282249352903,
              50.85348797356142
            ],
            [
              -0.994028248396317,
              50.8534879395912
            ],
            [
              -0.9940683986381841,
              50.85348801580737
            ],
            [
              -0.9940971437991403,
              50.85346662697183
            ],
            [
              -0.994122826949268,
              50.85344823330591
            ],
            [
              -0.994178086235063,
              50.85340878167792
            ],
            [
              -0.994233347360848,
              50.85336924011223
            ],
            [
              -0.9942676880391902,
              50.85334462608691
            ],
            [
              -0.994376829934187,
              50.85340432945554
            ],
            [
              -0.9943177808499026,
              50.85344759832053
            ],
            [
              -0.9943177260632481,
              50.85344763561803
            ],
            [
              -0.994204313984525,
              50.85352830810036
            ],
            [
              -0.9941966981123334,
              50.85353424243827
            ],
            [
              -0.9941386947203246,
              50.853579473446544
            ],
            [
              -0.994138659876859,
              50.853579508218026
            ],
            [
              -0.99413864046434,
              50.85357955211518
            ],
            [
              -0.9941385519345192,
              50.85357970512826
            ],
            [
              -0.9941385678577542,
              50.85357975742336
            ],
            [
              -0.9941309631774762,
              50.853599043379624
            ],
            [
              -0.9941285417817086,
              50.853605214917856
            ],
            [
              -0.9941285637152444,
              50.85360525197708
            ],
            [
              -0.994128597301932,
              50.853605275647645
            ],
            [
              -0.994128779546385,
              50.853605323081
            ],
            [
              -0.9940720109301308,
              50.85369420018459
            ],
            [
              -0.9940108981276423,
              50.85367856213046
            ],
            [
              -0.9939338734262859,
              50.85365991282675
            ],
            [
              -0.9939234193499243,
              50.85365850079385
            ],
            [
              -0.9938897362554198,
              50.85364988320556
            ],
            [
              -0.9938375876624382,
              50.853636502162935
            ],
            [
              -0.9937890277479045,
              50.85362404231228
            ],
            [
              -0.9937749205341793,
              50.85361942433814
            ],
            [
              -0.9937226271512255,
              50.85360683335723
            ],
            [
              -0.9936710343203355,
              50.8535946980293
            ],
            [
              -0.9936623053242571,
              50.85359300408398
            ],
            [
              -0.9936540573274718,
              50.85359140421216
            ],
            [
              -0.9936067160323053,
              50.853579755145105
            ],
            [
              -0.9935974740714226,
              50.853577472244105
            ],
            [
              -0.9935974392193982,
              50.8535774413683
            ],
            [
              -0.9935592498359016,
              50.85356803573776
            ],
            [
              -0.9935513937813609,
              50.853566311540916
            ],
            [
              -0.9935513104039451,
              50.85356629103803
            ]
          ]
        ]
      },
      "properties": {
        "caseReference": "WA010002",
        "projectName": "Hampshire Water Transfer and Water Recycling Project",
        "fileName": "WA010002 Acceptance Draft_Order_Limits.geojson",
        "receivedDate": "2026-07-30T11:24:02.000Z"
      }
    },
    {
      "type": "Feature",
      "geometry": {
        "bbox": [
          -1.5084467667952108,
          54.99982840064255,
          -1.485206772373304,
          55.01597044139927
        ],
        "type": "Polygon",
        "coordinates": [
          [
            [
              -1.4949331592249004,
              55.00928786452271
            ],
            [
              -1.4939503937915086,
              55.00820812746966
            ],
            [
              -1.4938607178613532,
              55.008058954058136
            ],
            [
              -1.4938643497450654,
              55.008015064811694
            ],
            [
              -1.4939285063796874,
              55.00798441717049
            ],
            [
              -1.4941187455811709,
              55.007935772055795
            ],
            [
              -1.494067484205769,
              55.00787380078838
            ],
            [
              -1.4940394312803718,
              55.00785835079165
            ],
            [
              -1.493951438337444,
              55.00787795180618
            ],
            [
              -1.4938452893366105,
              55.007889385598716
            ],
            [
              -1.4937621716022802,
              55.00789092197396
            ],
            [
              -1.49368822982474,
              55.00787584172544
            ],
            [
              -1.4936108488505901,
              55.007842206080234
            ],
            [
              -1.4935566686324453,
              55.00780960868487
            ],
            [
              -1.4934792393982028,
              55.00774466925486
            ],
            [
              -1.4933882794215005,
              55.00764901903993
            ],
            [
              -1.4929867795688594,
              55.00721526181996
            ],
            [
              -1.4929903479198532,
              55.00719719679334
            ],
            [
              -1.493013888445352,
              55.00716971401024
            ],
            [
              -1.493030626542511,
              55.0071555092067
            ],
            [
              -1.493065641769255,
              55.00713758257119
            ],
            [
              -1.4930915303907006,
              55.00712936225544
            ],
            [
              -1.4930040465482513,
              55.00703834988377
            ],
            [
              -1.4929493787707322,
              55.00704096952781
            ],
            [
              -1.4928551451847483,
              55.00703104333884
            ],
            [
              -1.4928007340181562,
              55.00701366505394
            ],
            [
              -1.4922474700161987,
              55.00641749237087
            ],
            [
              -1.4904834499080883,
              55.0069546305005
            ],
            [
              -1.4888193739546465,
              55.00514918592094
            ],
            [
              -1.491590671521153,
              55.004345236594055
            ],
            [
              -1.4910302954681594,
              55.00398424873778
            ],
            [
              -1.4902221654397887,
              55.00345001409591
            ],
            [
              -1.4887784173123562,
              55.00250038126561
            ],
            [
              -1.4873690454916575,
              55.00155306719554
            ],
            [
              -1.4854078252986074,
              55.00026131521074
            ],
            [
              -1.487714433690169,
              54.9997429210397
            ],
            [
              -1.4875828064860304,
              55.00001452661865
            ],
            [
              -1.4875667471703615,
              55.00008844844636
            ],
            [
              -1.4876991366017143,
              55.00046694429483
            ],
            [
              -1.4877919643324033,
              55.0006517164433
            ],
            [
              -1.4879131926190723,
              55.00080178503516
            ],
            [
              -1.4883203685681428,
              55.001171855918486
            ],
            [
              -1.488640697992816,
              55.001460662552205
            ],
            [
              -1.4894352438591325,
              55.0020790494597
            ],
            [
              -1.4899666813064538,
              55.00250052010965
            ],
            [
              -1.4904793967403616,
              55.00290377009269
            ],
            [
              -1.490890416077514,
              55.00317514033643
            ],
            [
              -1.4911989476775094,
              55.00339851656198
            ],
            [
              -1.4915311430385403,
              55.00366557775388
            ],
            [
              -1.4919144501077695,
              55.00391465118688
            ],
            [
              -1.4922797948396862,
              55.00417030489217
            ],
            [
              -1.4934006725956612,
              55.00497311256756
            ],
            [
              -1.493927604354177,
              55.005315722150904
            ],
            [
              -1.494620193039349,
              55.00578190974221
            ],
            [
              -1.495397719045982,
              55.006328427784325
            ],
            [
              -1.4956873250499796,
              55.00653294880856
            ],
            [
              -1.4957601790251909,
              55.00658973734865
            ],
            [
              -1.4966263538715698,
              55.00712831277832
            ],
            [
              -1.4970064500270264,
              55.0075089906378
            ],
            [
              -1.49738019105448,
              55.0080714517241
            ],
            [
              -1.498687385499034,
              55.00851644835031
            ],
            [
              -1.4999626489344275,
              55.00832116314169
            ],
            [
              -1.5007393006504415,
              55.00824420468708
            ],
            [
              -1.5010567278816789,
              55.008753438777966
            ],
            [
              -1.5007045738494498,
              55.008851904008935
            ],
            [
              -1.5002723815294656,
              55.00900426956832
            ],
            [
              -1.5000277823356476,
              55.0090692513105
            ],
            [
              -1.4992596719045377,
              55.00930863372221
            ],
            [
              -1.4991809507588978,
              55.00957732988443
            ],
            [
              -1.4993881667411777,
              55.0097205465913
            ],
            [
              -1.4998441685057138,
              55.009996918448465
            ],
            [
              -1.500340589708656,
              55.01034051918822
            ],
            [
              -1.5004620246448912,
              55.01042964082687
            ],
            [
              -1.5006109577283078,
              55.01051219467471
            ],
            [
              -1.5007624770030676,
              55.010615341078655
            ],
            [
              -1.5008855859048056,
              55.0107090023765
            ],
            [
              -1.5009873244040035,
              55.01080064927397
            ],
            [
              -1.501161282709597,
              55.01093279828042
            ],
            [
              -1.501296358042477,
              55.01102023725071
            ],
            [
              -1.5017344242437307,
              55.011282447569116
            ],
            [
              -1.5029240222166405,
              55.01197184473217
            ],
            [
              -1.5029419765674812,
              55.01205504251005
            ],
            [
              -1.5031291861983322,
              55.01207488436518
            ],
            [
              -1.50341701742979,
              55.0122454826485
            ],
            [
              -1.503690287215875,
              55.01240603234564
            ],
            [
              -1.5037628238347045,
              55.012501919406525
            ],
            [
              -1.5037471578037924,
              55.01261768473322
            ],
            [
              -1.5039111474011522,
              55.01259654988005
            ],
            [
              -1.5040883313299356,
              55.01265995569158
            ],
            [
              -1.5043285514600657,
              55.01282336890547
            ],
            [
              -1.50471264718821,
              55.01308056271038
            ],
            [
              -1.5049275997915506,
              55.013227224099296
            ],
            [
              -1.505001803215829,
              55.01329431086917
            ],
            [
              -1.5050761129543386,
              55.0133527805965
            ],
            [
              -1.505512058742175,
              55.013645753738615
            ],
            [
              -1.5059580612028483,
              55.01396413168803
            ],
            [
              -1.506270078059753,
              55.01418435842571
            ],
            [
              -1.506665820700888,
              55.01444895986594
            ],
            [
              -1.5069887580411416,
              55.014730334304126
            ],
            [
              -1.5073830407605353,
              55.015023204516204
            ],
            [
              -1.5077284745761441,
              55.01531386168976
            ],
            [
              -1.5082522422147437,
              55.01574038636612
            ],
            [
              -1.507490451088906,
              55.01606261524955
            ],
            [
              -1.5063291727873038,
              55.01526873939347
            ],
            [
              -1.504517205435434,
              55.01395457594646
            ],
            [
              -1.503313114389329,
              55.01308867749209
            ],
            [
              -1.503125528374119,
              55.01300381403554
            ],
            [
              -1.5030147643850313,
              55.012917644237326
            ],
            [
              -1.5029953008273162,
              55.01279868156858
            ],
            [
              -1.502792994825095,
              55.01277630806133
            ],
            [
              -1.5026568913528147,
              55.01268492004699
            ],
            [
              -1.5024788733550039,
              55.012597367966826
            ],
            [
              -1.502219730847769,
              55.01244284575199
            ],
            [
              -1.5021212572692149,
              55.01237873593265
            ],
            [
              -1.5020881637215593,
              55.01226723702718
            ],
            [
              -1.50195586621232,
              55.01227906965808
            ],
            [
              -1.501863065557191,
              55.01223331967991
            ],
            [
              -1.501706194652558,
              55.01212847445756
            ],
            [
              -1.501490830193611,
              55.01200468046066
            ],
            [
              -1.501372319669329,
              55.01194727600701
            ],
            [
              -1.5011311126590812,
              55.01180829404656
            ],
            [
              -1.5009143609425533,
              55.011661920576394
            ],
            [
              -1.5008232960879917,
              55.01159225435587
            ],
            [
              -1.5007520430148333,
              55.01154659185926
            ],
            [
              -1.500629175742117,
              55.011479906025876
            ],
            [
              -1.5005377634359387,
              55.01143828530618
            ],
            [
              -1.5004162543431767,
              55.01137821245237
            ],
            [
              -1.500279269824756,
              55.011305057698216
            ],
            [
              -1.5001923927813883,
              55.01124530718933
            ],
            [
              -1.5000766684064677,
              55.011173589274996
            ],
            [
              -1.4996503412038464,
              55.01091179371306
            ],
            [
              -1.4994106944401677,
              55.010765365668455
            ],
            [
              -1.4991848536287826,
              55.01065364557738
            ],
            [
              -1.4989621076190833,
              55.01054713992905
            ],
            [
              -1.498837983598469,
              55.01047062648732
            ],
            [
              -1.498629866891045,
              55.01033102607475
            ],
            [
              -1.4985129457340687,
              55.0102620765126
            ],
            [
              -1.498339481374201,
              55.010110083726325
            ],
            [
              -1.498175895332715,
              55.009982372521726
            ],
            [
              -1.497912335825291,
              55.01005451577435
            ],
            [
              -1.4978438141003279,
              55.00998403254139
            ],
            [
              -1.4976617834528594,
              55.01010674382189
            ],
            [
              -1.497550986336304,
              55.01042177956712
            ],
            [
              -1.4975201296364185,
              55.01066439717268
            ],
            [
              -1.497550296338787,
              55.010688125298046
            ],
            [
              -1.4975854965208013,
              55.010707241178004
            ],
            [
              -1.4976912082338625,
              55.01071908989685
            ],
            [
              -1.4976749377662524,
              55.01079486677114
            ],
            [
              -1.4976351786866178,
              55.01078571647216
            ],
            [
              -1.497574187778481,
              55.01078636342859
            ],
            [
              -1.4975193877906443,
              55.010796908971116
            ],
            [
              -1.4974522611378924,
              55.01085328794296
            ],
            [
              -1.4973518758757167,
              55.011140337850804
            ],
            [
              -1.4971737908996905,
              55.011121830322274
            ],
            [
              -1.4971970779612573,
              55.01101842122082
            ],
            [
              -1.4971915742364024,
              55.01093588302229
            ],
            [
              -1.49716113462184,
              55.010867029426535
            ],
            [
              -1.4970456073262826,
              55.010791370050974
            ],
            [
              -1.4968342473853897,
              55.01075469602212
            ],
            [
              -1.4968581187905932,
              55.01064870128847
            ],
            [
              -1.4969945934864455,
              55.01063357591197
            ],
            [
              -1.4971128182908644,
              55.010602617569866
            ],
            [
              -1.4971631548256266,
              55.01057927263295
            ],
            [
              -1.4972410713161177,
              55.0105177005157
            ],
            [
              -1.4973197585970988,
              55.01027050662107
            ],
            [
              -1.4974014634996955,
              55.00994269921871
            ],
            [
              -1.4974020072937286,
              55.00989919015627
            ],
            [
              -1.4973392142927258,
              55.00984334178687
            ],
            [
              -1.4972566999213648,
              55.00978845900157
            ],
            [
              -1.49734068176239,
              55.0097346994971
            ],
            [
              -1.497191535117585,
              55.00969910912867
            ],
            [
              -1.4970332932918957,
              55.00968063577041
            ],
            [
              -1.496819292386871,
              55.00968595204258
            ],
            [
              -1.496643046644432,
              55.009725490940056
            ],
            [
              -1.496532572931833,
              55.00974953069834
            ],
            [
              -1.4964195878791229,
              55.009769327441674
            ],
            [
              -1.4963045929775514,
              55.009784793375246
            ],
            [
              -1.4961880896088853,
              55.009795849691656
            ],
            [
              -1.4960621157732832,
              55.00980275099187
            ],
            [
              -1.495834790896851,
              55.00983808739126
            ],
            [
              -1.4956660677845526,
              55.009863641532085
            ],
            [
              -1.4952193760520387,
              55.009930786602304
            ],
            [
              -1.4947038749381425,
              55.01004621360281
            ],
            [
              -1.4942136385547677,
              55.01011681021271
            ],
            [
              -1.4938395150368802,
              55.00953990362972
            ],
            [
              -1.4949331592249004,
              55.00928786452271
            ]
          ]
        ]
      },
      "properties": {
        "caseReference": "TR010017",
        "projectName": "A19/A1058 Coast Road Junction Improvement ",
        "fileName": "144_TR010017.geojson",
        "receivedDate": "2026-09-01T09:18:12.000Z"
      }
    },
    {
      "type": "Feature",
      "geometry": {
        "bbox": [
          -3.9429961873421666,
          51.573857492524915,
          -3.8199411619369124,
          51.63346737577147
        ],
        "type": "Polygon",
        "coordinates": [
          [
            [
              -3.922953652782687,
              51.614428138160164
            ],
            [
              -3.919224758936995,
              51.614801579780966
            ],
            [
              -3.9181980522214563,
              51.61504455156448
            ],
            [
              -3.9157876869795567,
              51.61562124994969
            ],
            [
              -3.9122164754675803,
              51.616471322424616
            ],
            [
              -3.9113620616043416,
              51.6165421473799
            ],
            [
              -3.91033930276816,
              51.616869669923794
            ],
            [
              -3.909843127191521,
              51.61687801556514
            ],
            [
              -3.908099815740978,
              51.617245830393536
            ],
            [
              -3.9059572485476033,
              51.61776142449121
            ],
            [
              -3.904485938072914,
              51.618152815606486
            ],
            [
              -3.904225802613155,
              51.618382861733124
            ],
            [
              -3.903839669188086,
              51.61881245817465
            ],
            [
              -3.9043953887931417,
              51.61911341123868
            ],
            [
              -3.9044060219956926,
              51.619338883690595
            ],
            [
              -3.903979968114718,
              51.61988195078053
            ],
            [
              -3.9036244020388646,
              51.620000721174854
            ],
            [
              -3.902669182333551,
              51.61984756238157
            ],
            [
              -3.9008875994068437,
              51.619397904151384
            ],
            [
              -3.8999364090261333,
              51.619329252309996
            ],
            [
              -3.8970109965658706,
              51.619519245330736
            ],
            [
              -3.8942221814619535,
              51.619735098714635
            ],
            [
              -3.892604796683789,
              51.619903142630235
            ],
            [
              -3.8909926829246455,
              51.620183901525365
            ],
            [
              -3.8894747614354306,
              51.62054771588518
            ],
            [
              -3.8881743974510514,
              51.62073864216841
            ],
            [
              -3.886606638010628,
              51.62003136499736
            ],
            [
              -3.885828047149226,
              51.619790455864766
            ],
            [
              -3.884967087140436,
              51.61972014288885
            ],
            [
              -3.883524962024362,
              51.61977233423632
            ],
            [
              -3.881910101704445,
              51.61999655607738
            ],
            [
              -3.880207813454662,
              51.62027870222508
            ],
            [
              -3.8785929176808693,
              51.62050287875202
            ],
            [
              -3.8764446019260195,
              51.62090520063876
            ],
            [
              -3.8743877518038854,
              51.62133416022019
            ],
            [
              -3.871752310119858,
              51.621941860380645
            ],
            [
              -3.869740477684766,
              51.62236992999476
            ],
            [
              -3.866562149249777,
              51.622958292156206
            ],
            [
              -3.8626620184142384,
              51.6235583852969
            ],
            [
              -3.8600119320204374,
              51.62385572499087
            ],
            [
              -3.857953515009402,
              51.624256191480185
            ],
            [
              -3.857247150967672,
              51.624606286348914
            ],
            [
              -3.8566336642635126,
              51.62501118364389
            ],
            [
              -3.855726141782588,
              51.624913254413215
            ],
            [
              -3.854948894958992,
              51.62470034765203
            ],
            [
              -3.852711195083685,
              51.62513187286486
            ],
            [
              -3.8508640670789527,
              51.6252184618408
            ],
            [
              -3.8482036814285734,
              51.625290053008385
            ],
            [
              -3.8465717740346066,
              51.62514745192456
            ],
            [
              -3.8444965222028427,
              51.625181253683245
            ],
            [
              -3.842653160223152,
              51.62535233763903
            ],
            [
              -3.84136403063768,
              51.62579634746417
            ],
            [
              -3.8403443249945837,
              51.6262078008246
            ],
            [
              -3.83916074044596,
              51.62698868519793
            ],
            [
              -3.8384372367847854,
              51.62795940683119
            ],
            [
              -3.8376643331937883,
              51.62983364770524
            ],
            [
              -3.8370318858179244,
              51.63181832580201
            ],
            [
              -3.836278471741001,
              51.63312805450875
            ],
            [
              -3.8359213660733316,
              51.633218504018274
            ],
            [
              -3.8342262504686113,
              51.63268179937736
            ],
            [
              -3.8334528532156007,
              51.632553283572406
            ],
            [
              -3.8287937540106127,
              51.63237479729732
            ],
            [
              -3.8272067674832253,
              51.632231136075205
            ],
            [
              -3.8247345616250024,
              51.631481197289915
            ],
            [
              -3.8228401687300093,
              51.63052446033304
            ],
            [
              -3.8228434675463254,
              51.629593612394935
            ],
            [
              -3.823434467444692,
              51.62868150342727
            ],
            [
              -3.8229185895003033,
              51.62725124951128
            ],
            [
              -3.819525177353042,
              51.62307486590083
            ],
            [
              -3.8291783228016794,
              51.61789855201316
            ],
            [
              -3.8373908102007013,
              51.613844789755866
            ],
            [
              -3.8479420816441987,
              51.60865238598358
            ],
            [
              -3.8523024982720813,
              51.606296365187326
            ],
            [
              -3.862024403997073,
              51.60080587885333
            ],
            [
              -3.8710122378185874,
              51.59510108083104
            ],
            [
              -3.877148332364884,
              51.5911916492648
            ],
            [
              -3.883414753643109,
              51.58719511157298
            ],
            [
              -3.8904160855676286,
              51.58253714197115
            ],
            [
              -3.899836838418201,
              51.57659718372497
            ],
            [
              -3.903076899593019,
              51.57451187221431
            ],
            [
              -3.912196816884849,
              51.574725145801274
            ],
            [
              -3.9225799257184915,
              51.57494443482156
            ],
            [
              -3.935855041370684,
              51.57528268999703
            ],
            [
              -3.943063374959529,
              51.575432497399625
            ],
            [
              -3.9376248770584414,
              51.5850122245298
            ],
            [
              -3.9341751719345233,
              51.59122031973562
            ],
            [
              -3.932428746196425,
              51.59435286360925
            ],
            [
              -3.930599917532127,
              51.59765601424888
            ],
            [
              -3.9291129242501643,
              51.600558497546075
            ],
            [
              -3.9283348919518226,
              51.60223594508486
            ],
            [
              -3.9273806283291925,
              51.604960007578086
            ],
            [
              -3.9266118860354533,
              51.60683470698905
            ],
            [
              -3.9253906716375875,
              51.60868895682525
            ],
            [
              -3.9249425230543125,
              51.609711985709545
            ],
            [
              -3.9243154695089184,
              51.6117253944415
            ],
            [
              -3.923367210304924,
              51.61267229136553
            ],
            [
              -3.923217423065783,
              51.61332354535527
            ],
            [
              -3.922953652782687,
              51.614428138160164
            ]
          ]
        ]
      },
      "properties": {
        "caseReference": "EN010049",
        "projectName": "Tidal Lagoon Swansea Bay",
        "fileName": "407_EN010049.geojson",
        "receivedDate": "2026-09-03T15:19:47.000Z"
      }
    },
    {
      "type": "Feature",
      "geometry": {
        "bbox": [
          -1.3003102586675181,
          52.836105397152565,
          -1.299369673356301,
          52.84389081816719
        ],
        "type": "Polygon",
        "coordinates": [
          [
            [
              -1.2994942059511407,
              52.84389155270871
            ],
            [
              -1.2994949312855015,
              52.83610464216726
            ],
            [
              -1.3001857483220047,
              52.83610466354159
            ],
            [
              -1.3001851465719905,
              52.84389157450645
            ],
            [
              -1.2994942059511407,
              52.84389155270871
            ]
          ]
        ]
      },
      "properties": {
        "caseReference": "TR0510002",
        "projectName": "East Midlands Gateway Rail Freight Interchange Material Change",
        "fileName": "EMG2-BWB-LSI-ZZ-M2-CH-001_Order Limits EMG1 MCO (Polygons)-S2-P14 SHP.geojson",
        "receivedDate": "2026-08-18T15:28:31.000Z"
      }
    },
    {
      "type": "Feature",
      "geometry": {
        "bbox": [
          0.24109156191329165,
          51.62177300979835,
          0.24124172785325987,
          51.621848912739196
        ],
        "type": "Polygon",
        "coordinates": [
          [
            [
              0.24113089780919925,
              51.6218510290064
            ],
            [
              0.2412394501001047,
              51.62180269499538
            ],
            [
              0.2412007549495921,
              51.621770924825384
            ],
            [
              0.24109394312105398,
              51.621821329974
            ],
            [
              0.24113089780919925,
              51.6218510290064
            ]
          ]
        ]
      },
      "properties": {
        "caseReference": "TR010029",
        "projectName": "M25 junction 28 improvements",
        "fileName": "TR010029 - M25 Junction 28 Acceptance shapefile.geojson",
        "receivedDate": "2026-08-17T22:23:37.000Z"
      }
    },
    {
      "type": "Feature",
      "geometry": {
        "bbox": [
          -1.4171543536943092,
          50.86965600298567,
          -1.4154130543396561,
          50.87063422944885
        ],
        "type": "Polygon",
        "coordinates": [
          [
            [
              -1.4161970840009885,
              50.8706354539085
            ],
            [
              -1.416121824232528,
              50.87063058137344
            ],
            [
              -1.41611898212294,
              50.870630567163055
            ],
            [
              -1.4160437560615622,
              50.87062299698657
            ],
            [
              -1.4159699735425324,
              50.87061363547467
            ],
            [
              -1.4156451702203972,
              50.870562551680266
            ],
            [
              -1.415414406791919,
              50.870526056056974
            ],
            [
              -1.4154782641851928,
              50.87039715301931
            ],
            [
              -1.4154857516123904,
              50.87036661588661
            ],
            [
              -1.4155111570849657,
              50.870266925936654
            ],
            [
              -1.415989720141076,
              50.87023874563598
            ],
            [
              -1.41592199175289,
              50.870040571182244
            ],
            [
              -1.4157950306659908,
              50.86966958761042
            ],
            [
              -1.4161355645758165,
              50.86965540991015
            ],
            [
              -1.4162364742019504,
              50.86965456551909
            ],
            [
              -1.4163274590978954,
              50.86965187292878
            ],
            [
              -1.4164205250198465,
              50.869653237307254
            ],
            [
              -1.4165178428027791,
              50.869655522109646
            ],
            [
              -1.4167124615737612,
              50.86966144026704
            ],
            [
              -1.4168921203794815,
              50.869670430786876
            ],
            [
              -1.4170582234568827,
              50.86968384962794
            ],
            [
              -1.4171069945437444,
              50.87004649214938
            ],
            [
              -1.417117800891304,
              50.87030822877748
            ],
            [
              -1.4171429151489632,
              50.87057363381957
            ],
            [
              -1.4171300920411825,
              50.870576267575906
            ],
            [
              -1.417078844436939,
              50.87058320579826
            ],
            [
              -1.4170660437440665,
              50.870584041153144
            ],
            [
              -1.4170475364143897,
              50.87058664652554
            ],
            [
              -1.41700338284448,
              50.87059451938114
            ],
            [
              -1.4169421766100838,
              50.87060230707909
            ],
            [
              -1.4169137106734502,
              50.87060576196069
            ],
            [
              -1.4168069745896394,
              50.87061781850762
            ],
            [
              -1.416698839831878,
              50.870628069464345
            ],
            [
              -1.4166641391694803,
              50.87063005433753
            ],
            [
              -1.4166405317079913,
              50.87063137521434
            ],
            [
              -1.4165310319326563,
              50.870637122930866
            ],
            [
              -1.4164215770230817,
              50.87063927375618
            ],
            [
              -1.41627094518216,
              50.87063852089761
            ],
            [
              -1.4161970840009885,
              50.8706354539085
            ]
          ]
        ]
      },
      "properties": {
        "caseReference": "TR0310002",
        "projectName": "Solent Gateway 2",
        "fileName": "TR0310002_Solent Gateway 2_Shapefile_20251023_Scoping.geojson",
        "receivedDate": "2026-07-06T13:28:06.000Z"
      }
    },
    {
      "type": "Feature",
      "geometry": {
        "bbox": [
          -1.3664644305414317,
          51.82144483523264,
          -1.3645373680372854,
          51.823370797261056
        ],
        "type": "Polygon",
        "coordinates": [
          [
            [
              -1.3645711558729772,
              51.82245278553236
            ],
            [
              -1.364572852974295,
              51.82241475817716
            ],
            [
              -1.3645885677292033,
              51.82231907750387
            ],
            [
              -1.3645897215952298,
              51.82230928237267
            ],
            [
              -1.3645945245450206,
              51.82227738645686
            ],
            [
              -1.3646020842885827,
              51.82224550546875
            ],
            [
              -1.364603332529712,
              51.82223930768491
            ],
            [
              -1.3646099436449506,
              51.82222324764027
            ],
            [
              -1.3646151152195312,
              51.82220637051199
            ],
            [
              -1.3646155640355426,
              51.82217454093848
            ],
            [
              -1.364616716623929,
              51.822164835720756
            ],
            [
              -1.36461622823718,
              51.82214801786506
            ],
            [
              -1.3646171781165006,
              51.82213210700649
            ],
            [
              -1.364613920258629,
              51.82211617336342
            ],
            [
              -1.3646001206758172,
              51.8220863348158
            ],
            [
              -1.3645895352918647,
              51.8220652360007
            ],
            [
              -1.3645743804448105,
              51.8220388970266
            ],
            [
              -1.3645683265155892,
              51.822025735788934
            ],
            [
              -1.3645621541225832,
              51.82201068557017
            ],
            [
              -1.3645588696656612,
              51.82199664012042
            ],
            [
              -1.3645571077029923,
              51.82198781832872
            ],
            [
              -1.3645569430420275,
              51.82197891526615
            ],
            [
              -1.3645581786021805,
              51.82197361662302
            ],
            [
              -1.3645622216633355,
              51.82196473634677
            ],
            [
              -1.3645670755213426,
              51.821957675790244
            ],
            [
              -1.3645800683714684,
              51.82194424110142
            ],
            [
              -1.3645884287382575,
              51.821937901989
            ],
            [
              -1.3645998107146051,
              51.821933377656556
            ],
            [
              -1.364602594121278,
              51.82193150438951
            ],
            [
              -1.3646210869562896,
              51.82192692863927
            ],
            [
              -1.36464086154346,
              51.82192406832391
            ],
            [
              -1.3646507558087697,
              51.821922143637664
            ],
            [
              -1.3646707964928042,
              51.82192099325555
            ],
            [
              -1.3646906781375945,
              51.821920831139025
            ],
            [
              -1.3647121444046755,
              51.82192148688671
            ],
            [
              -1.3648055733073776,
              51.821943393860145
            ],
            [
              -1.3648386831907213,
              51.82195184581328
            ],
            [
              -1.3648731128718368,
              51.82195931577071
            ],
            [
              -1.3648988825527306,
              51.821963501693055
            ],
            [
              -1.364926117116687,
              51.821966706408055
            ],
            [
              -1.3649533643561633,
              51.82196901197615
            ],
            [
              -1.3649648166369814,
              51.82196979332307
            ],
            [
              -1.3649791720634175,
              51.8219705004592
            ],
            [
              -1.3649965687447791,
              51.821971575517885
            ],
            [
              -1.3650217567975131,
              51.821965605419884
            ],
            [
              -1.3650401298504973,
              51.82195923053733
            ],
            [
              -1.3650500481791805,
              51.82195559745034
            ],
            [
              -1.3650640684090023,
              51.82194919900993
            ],
            [
              -1.3650753305854393,
              51.821942875564986
            ],
            [
              -1.3651070438984623,
              51.821906269506364
            ],
            [
              -1.3651222039090005,
              51.82189106497616
            ],
            [
              -1.3651443099861036,
              51.82186690593358
            ],
            [
              -1.3651636579962623,
              51.82184282188584
            ],
            [
              -1.3651745975891623,
              51.82182849372439
            ],
            [
              -1.3651814226250691,
              51.821817830059466
            ],
            [
              -1.365188234990929,
              51.82180806553476
            ],
            [
              -1.365192170820205,
              51.82179648702926
            ],
            [
              -1.3651998517796387,
              51.821776566139135
            ],
            [
              -1.3652016390708093,
              51.82176299774955
            ],
            [
              -1.3652057415188399,
              51.82174989148926
            ],
            [
              -1.3652056344250314,
              51.82174719328233
            ],
            [
              -1.365215750856304,
              51.82171919268393
            ],
            [
              -1.365219565643265,
              51.82170590502507
            ],
            [
              -1.3652215068848386,
              51.82169170802142
            ],
            [
              -1.3652267725974212,
              51.821678428211406
            ],
            [
              -1.36524889867987,
              51.82164514243657
            ],
            [
              -1.365254109310371,
              51.82163316602747
            ],
            [
              -1.365258107875068,
              51.821627432718685
            ],
            [
              -1.3652642980288958,
              51.821620632213886
            ],
            [
              -1.3652782072268144,
              51.82161180528238
            ],
            [
              -1.36531506441235,
              51.821591142994066
            ],
            [
              -1.365319310092846,
              51.82158846833111
            ],
            [
              -1.3653586110210627,
              51.821569437823776
            ],
            [
              -1.3653966060831197,
              51.82155040024074
            ],
            [
              -1.3654902756113705,
              51.82149335740507
            ],
            [
              -1.3655748960187215,
              51.82144004224727
            ],
            [
              -1.3656356338128353,
              51.82147525994463
            ],
            [
              -1.3655510322636744,
              51.82160968391795
            ],
            [
              -1.3664549412458986,
              51.82212163187361
            ],
            [
              -1.3664235152657618,
              51.82215850960663
            ],
            [
              -1.3663684442079809,
              51.822225832758825
            ],
            [
              -1.366254422629845,
              51.82233707859637
            ],
            [
              -1.366110036660467,
              51.822512813422755
            ],
            [
              -1.3660052029363514,
              51.82265162444611
            ],
            [
              -1.3659907051891287,
              51.82267132871152
            ],
            [
              -1.3658667070055084,
              51.822831437233006
            ],
            [
              -1.3658348949455097,
              51.82287505678728
            ],
            [
              -1.3658013062257193,
              51.822921184515494
            ],
            [
              -1.3657890252551208,
              51.8229380232679
            ],
            [
              -1.3657056590245726,
              51.82304637694048
            ],
            [
              -1.3656621380601717,
              51.823086785921674
            ],
            [
              -1.3656144256429172,
              51.82312600325458
            ],
            [
              -1.365563664823741,
              51.82316529400689
            ],
            [
              -1.3655104777675615,
              51.82320169414932
            ],
            [
              -1.365499476411071,
              51.82321008722608
            ],
            [
              -1.3654483826678878,
              51.823242092535736
            ],
            [
              -1.3653945573151598,
              51.82327228463213
            ],
            [
              -1.3653769783821235,
              51.82328405911824
            ],
            [
              -1.3653361489938618,
              51.82330847661596
            ],
            [
              -1.3653155229683056,
              51.82332023461199
            ],
            [
              -1.3652784691614575,
              51.823334151766666
            ],
            [
              -1.3652411492014747,
              51.82334635897292
            ],
            [
              -1.3652026191598259,
              51.8233575499526
            ],
            [
              -1.3651556749799052,
              51.823367297740226
            ],
            [
              -1.365109867426531,
              51.82337388777063
            ],
            [
              -1.3650904187113158,
              51.82336424704272
            ],
            [
              -1.3650803505123679,
              51.82335789810262
            ],
            [
              -1.365063103419342,
              51.82334611506289
            ],
            [
              -1.3650487709713346,
              51.823333448583256
            ],
            [
              -1.3650342858307623,
              51.82332132080096
            ],
            [
              -1.365021266885,
              51.82330812190025
            ],
            [
              -1.3650115573282198,
              51.82329691916645
            ],
            [
              -1.3649947601317949,
              51.82327380851813
            ],
            [
              -1.3649797053958288,
              51.82325061737615
            ],
            [
              -1.3649757972464296,
              51.82323962587668
            ],
            [
              -1.3649721000901667,
              51.823223959632244
            ],
            [
              -1.364971143322791,
              51.823209477189856
            ],
            [
              -1.3649756432373774,
              51.82317847883272
            ],
            [
              -1.3649779489549294,
              51.823169319379105
            ],
            [
              -1.3649793321315864,
              51.82316384168973
            ],
            [
              -1.3649874487155849,
              51.823143923174946
            ],
            [
              -1.3650100408119756,
              51.82310591897298
            ],
            [
              -1.3650133736051895,
              51.82309595578851
            ],
            [
              -1.3650298601612307,
              51.823058727830514
            ],
            [
              -1.3650369058849166,
              51.823032419133334
            ],
            [
              -1.3650393788310302,
              51.82301139102441
            ],
            [
              -1.3650388034669407,
              51.82299043634109
            ],
            [
              -1.3650332263401197,
              51.82295371843401
            ],
            [
              -1.3650274586525941,
              51.82291984805819
            ],
            [
              -1.3650186975590444,
              51.82291380485388
            ],
            [
              -1.3650108312655385,
              51.822905669404534
            ],
            [
              -1.3650053314927015,
              51.82288405862577
            ],
            [
              -1.364992703598743,
              51.82285341718164
            ],
            [
              -1.3649757481655584,
              51.82282095389819
            ],
            [
              -1.3649643685264061,
              51.8228047065506
            ],
            [
              -1.364945772085249,
              51.822785722517146
            ],
            [
              -1.36493286546681,
              51.822774862156514
            ],
            [
              -1.3648781343532008,
              51.82274579124014
            ],
            [
              -1.3647961138653237,
              51.82269678997529
            ],
            [
              -1.3647817183202993,
              51.8226886191649
            ],
            [
              -1.3647514762843616,
              51.82267226968381
            ],
            [
              -1.3647212089172973,
              51.82265771847583
            ],
            [
              -1.364702447839121,
              51.82265042322974
            ],
            [
              -1.3646851504047877,
              51.82264223669616
            ],
            [
              -1.3646664400492778,
              51.8226313448826
            ],
            [
              -1.364662125201819,
              51.82262862389282
            ],
            [
              -1.364643452891688,
              51.82261503465427
            ],
            [
              -1.3646262315519704,
              51.822601453269456
            ],
            [
              -1.3646119374974368,
              51.82258608931488
            ],
            [
              -1.364593579168778,
              51.82256464268103
            ],
            [
              -1.3645863020495337,
              51.82255178055306
            ],
            [
              -1.364578280987085,
              51.82250317982643
            ],
            [
              -1.3645783317042979,
              51.822499583264666
            ],
            [
              -1.3645732852240258,
              51.82247671602561
            ],
            [
              -1.3645711558729772,
              51.82245278553236
            ]
          ]
        ]
      },
      "properties": {
        "caseReference": "EN010147",
        "projectName": "Botley West Solar Farm",
        "fileName": "EN010147 Botley West Solar Farm Acceptance Shapefile.geojson",
        "receivedDate": "2026-08-12T09:51:07.000Z"
      }
    },
    {
      "type": "Feature",
      "geometry": {
        "bbox": [
          -3.50021189850801,
          53.03887814194578,
          -3.4419128656880877,
          53.121316662983126
        ],
        "type": "Polygon",
        "coordinates": [
          [
            [
              -3.4907583438835665,
              53.113459920594934
            ],
            [
              -3.484979879428697,
              53.11658882212738
            ],
            [
              -3.4841425575584553,
              53.11709972584367
            ],
            [
              -3.4820842852026277,
              53.1149163256667
            ],
            [
              -3.4780161638768456,
              53.11661084811016
            ],
            [
              -3.4808830730033704,
              53.11907265480235
            ],
            [
              -3.4790865226735415,
              53.11991519102001
            ],
            [
              -3.4774096834494213,
              53.120881328259074
            ],
            [
              -3.474941509664129,
              53.119455534061146
            ],
            [
              -3.474669652175868,
              53.11920315555665
            ],
            [
              -3.47449604326235,
              53.11916168935227
            ],
            [
              -3.47289564094479,
              53.11783436624164
            ],
            [
              -3.471228057396922,
              53.11635817016033
            ],
            [
              -3.4711054445112928,
              53.11589399314313
            ],
            [
              -3.4707802378159753,
              53.11559202634577
            ],
            [
              -3.4707558322749867,
              53.11527881077957
            ],
            [
              -3.4693597109654566,
              53.112639196346656
            ],
            [
              -3.4692704260204863,
              53.11002085862825
            ],
            [
              -3.468214670059581,
              53.1082377006773
            ],
            [
              -3.466335940051548,
              53.10775390666543
            ],
            [
              -3.465757127136283,
              53.10790974968078
            ],
            [
              -3.465472970703869,
              53.107952913780466
            ],
            [
              -3.464549469846992,
              53.10825515564883
            ],
            [
              -3.463296522154739,
              53.10856144166114
            ],
            [
              -3.4628832770486406,
              53.108685515727096
            ],
            [
              -3.46325973746243,
              53.10780165797285
            ],
            [
              -3.4639255153822774,
              53.107350549543916
            ],
            [
              -3.46383587318471,
              53.107298766261536
            ],
            [
              -3.4639432119957725,
              53.107224727609356
            ],
            [
              -3.464032405189292,
              53.107263294836535
            ],
            [
              -3.464156032801811,
              53.10718248940014
            ],
            [
              -3.4620659889964185,
              53.1066294762353
            ],
            [
              -3.462307565414113,
              53.10542134520917
            ],
            [
              -3.469633099853781,
              53.10327031384917
            ],
            [
              -3.465406388150952,
              53.0998854743535
            ],
            [
              -3.4671268984163666,
              53.09403133679742
            ],
            [
              -3.46552776941591,
              53.0895698988374
            ],
            [
              -3.465843845382163,
              53.0867030497947
            ],
            [
              -3.4665816411583292,
              53.084079953460645
            ],
            [
              -3.4676767709195095,
              53.08343338742375
            ],
            [
              -3.467797588957064,
              53.083208425755274
            ],
            [
              -3.4684048086103756,
              53.08278930470833
            ],
            [
              -3.468517591453955,
              53.0824511259995
            ],
            [
              -3.469131163453293,
              53.08221902641181
            ],
            [
              -3.4695558173638297,
              53.08191441581694
            ],
            [
              -3.4696270004560894,
              53.08181474220938
            ],
            [
              -3.468550699006852,
              53.08119270593687
            ],
            [
              -3.463794749136784,
              53.07857181410058
            ],
            [
              -3.463476722458308,
              53.0785840640982
            ],
            [
              -3.460175619441287,
              53.08019629690769
            ],
            [
              -3.4577999089263343,
              53.080824714479405
            ],
            [
              -3.456548507250535,
              53.08136337983501
            ],
            [
              -3.455431871825294,
              53.08065051174235
            ],
            [
              -3.4543884884607126,
              53.07996781904647
            ],
            [
              -3.4537156228952557,
              53.07844179455181
            ],
            [
              -3.453139697575304,
              53.074257711729786
            ],
            [
              -3.4536911282370117,
              53.074026450347176
            ],
            [
              -3.455966473031376,
              53.07332505118624
            ],
            [
              -3.4580545245203695,
              53.07242049203902
            ],
            [
              -3.4564237608368944,
              53.07101023794271
            ],
            [
              -3.454927303437928,
              53.06953483176846
            ],
            [
              -3.4532670919108597,
              53.06494521361063
            ],
            [
              -3.4511167891017744,
              53.06399170162042
            ],
            [
              -3.449285874510892,
              53.063115925233745
            ],
            [
              -3.447774281564946,
              53.06249818008347
            ],
            [
              -3.445755968098007,
              53.06158720987515
            ],
            [
              -3.4433526869795408,
              53.060306670209854
            ],
            [
              -3.441010388323031,
              53.05898792293445
            ],
            [
              -3.439942112824464,
              53.05675561508111
            ],
            [
              -3.4397034691305186,
              53.0551868318497
            ],
            [
              -3.440525211053474,
              53.05375489273434
            ],
            [
              -3.4424718185206986,
              53.052533834927864
            ],
            [
              -3.4456673787794143,
              53.051522094738004
            ],
            [
              -3.4474576022121846,
              53.051200954307525
            ],
            [
              -3.4483141381151627,
              53.05081631868928
            ],
            [
              -3.4494114303862773,
              53.0502042179612
            ],
            [
              -3.450142522588682,
              53.049783676760065
            ],
            [
              -3.4510078038622787,
              53.04966086072354
            ],
            [
              -3.4524850208730706,
              53.049268620533596
            ],
            [
              -3.45397102607819,
              53.049138200483064
            ],
            [
              -3.4560144256526564,
              53.048963518379374
            ],
            [
              -3.456756787560671,
              53.04887958597716
            ],
            [
              -3.4576169811343864,
              53.04860710040109
            ],
            [
              -3.4592891659257408,
              53.04847433172288
            ],
            [
              -3.4611475582891633,
              53.048339251933
            ],
            [
              -3.4628184539647457,
              53.04816902843219
            ],
            [
              -3.4644792831326807,
              53.04811996529972
            ],
            [
              -3.464488410539547,
              53.04810512072588
            ],
            [
              -3.4630312641795773,
              53.04711862496327
            ],
            [
              -3.459547834104625,
              53.04510327574875
            ],
            [
              -3.4598414851624395,
              53.043793327243456
            ],
            [
              -3.4589565757055993,
              53.04283372434844
            ],
            [
              -3.455457127547854,
              53.04017643618562
            ],
            [
              -3.457136255370423,
              53.03941375541897
            ],
            [
              -3.4626375235981603,
              53.042445993464234
            ],
            [
              -3.462210482837679,
              53.04382130958275
            ],
            [
              -3.4636867971736796,
              53.045458643645304
            ],
            [
              -3.465704251871775,
              53.04629008735946
            ],
            [
              -3.4686644115588723,
              53.04419847065703
            ],
            [
              -3.4719355419695135,
              53.042902134970646
            ],
            [
              -3.472728326261408,
              53.041947106494305
            ],
            [
              -3.474806549467297,
              53.04098582655898
            ],
            [
              -3.4786578236816554,
              53.04281874253831
            ],
            [
              -3.4830209231920737,
              53.04299275792564
            ],
            [
              -3.484197666719262,
              53.045060148913855
            ],
            [
              -3.48270030183477,
              53.04744947597475
            ],
            [
              -3.4820328566887886,
              53.050083756704
            ],
            [
              -3.4837171799732642,
              53.052232028425024
            ],
            [
              -3.4860077376337473,
              53.05435537822352
            ],
            [
              -3.486727145492344,
              53.05710384561892
            ],
            [
              -3.487265567320407,
              53.05898095472416
            ],
            [
              -3.488974320803592,
              53.0618195880575
            ],
            [
              -3.4891832200264865,
              53.06512796311631
            ],
            [
              -3.487491544543025,
              53.06828885958215
            ],
            [
              -3.486285129022943,
              53.071786182809234
            ],
            [
              -3.4843360258828286,
              53.075743738421615
            ],
            [
              -3.486120177218271,
              53.07800489962769
            ],
            [
              -3.4878037544467504,
              53.082841864633245
            ],
            [
              -3.4873798798401636,
              53.08696924939531
            ],
            [
              -3.48693702487332,
              53.088546458232706
            ],
            [
              -3.483316016003405,
              53.09169757984645
            ],
            [
              -3.4841221062305583,
              53.093758738236794
            ],
            [
              -3.4837293066665587,
              53.09648228175984
            ],
            [
              -3.484151970113596,
              53.098646899497346
            ],
            [
              -3.487182058111446,
              53.0978061125814
            ],
            [
              -3.488409274020001,
              53.09698514418866
            ],
            [
              -3.491345539339883,
              53.09380503423568
            ],
            [
              -3.4978534308296236,
              53.096606469959795
            ],
            [
              -3.4943409423115765,
              53.10091520420007
            ],
            [
              -3.49976297284242,
              53.10346606010327
            ],
            [
              -3.502595304210699,
              53.10737414316745
            ],
            [
              -3.498182376890446,
              53.108685667280625
            ],
            [
              -3.49485955553403,
              53.10836266465325
            ],
            [
              -3.4944570935084127,
              53.108247824734974
            ],
            [
              -3.4928345043538718,
              53.10808108685974
            ],
            [
              -3.4914657362092933,
              53.10806082883076
            ],
            [
              -3.4899752398310753,
              53.10811692060116
            ],
            [
              -3.4899026224311975,
              53.108167045390516
            ],
            [
              -3.489734949549544,
              53.10816042474305
            ],
            [
              -3.487282468894628,
              53.108622348373615
            ],
            [
              -3.4871662371728607,
              53.10861011200054
            ],
            [
              -3.486688604857606,
              53.108382549488105
            ],
            [
              -3.4856241734419227,
              53.108171318478206
            ],
            [
              -3.484686645484914,
              53.10803333613849
            ],
            [
              -3.4834718353411156,
              53.108133175678674
            ],
            [
              -3.482707391520923,
              53.10937738447262
            ],
            [
              -3.482724795509737,
              53.10988318470723
            ],
            [
              -3.4829692047471426,
              53.11014326815635
            ],
            [
              -3.483075643594405,
              53.110303867194894
            ],
            [
              -3.4832150097820205,
              53.110443815076
            ],
            [
              -3.4907583438835665,
              53.113459920594934
            ]
          ]
        ]
      },
      "properties": {
        "caseReference": "EN010013",
        "projectName": "Clocaenog Forest Wind Farm",
        "fileName": "308_EN010013.geojson",
        "receivedDate": "2026-09-03T10:00:36.000Z"
      }
    },
    {
      "type": "Feature",
      "geometry": {
        "bbox": [
          -2.1257307020127354,
          52.63659148638281,
          -2.1254702464718056,
          52.63687261221276
        ],
        "type": "Polygon",
        "coordinates": [
          [
            [
              -2.125530109151628,
              52.636823251486454,
              0
            ],
            [
              -2.125506559397293,
              52.63675261725531,
              0
            ],
            [
              -2.125485501895263,
              52.636675058286365,
              0
            ],
            [
              -2.1254694863178645,
              52.63660746715935,
              0
            ],
            [
              -2.125597846996428,
              52.63659162757378,
              0
            ],
            [
              -2.12573138350432,
              52.63682870116665,
              0
            ],
            [
              -2.1257183872743943,
              52.6368312321076,
              0
            ],
            [
              -2.125729545666666,
              52.63685055924029,
              0
            ],
            [
              -2.1255515324949132,
              52.636872525931935,
              0
            ],
            [
              -2.125530109151628,
              52.636823251486454,
              0
            ]
          ]
        ]
      },
      "properties": {
        "caseReference": "TR010054",
        "projectName": "M54 to M6 Link Road",
        "fileName": "TR010054 Order Limits Acceptance shapefile.geojson",
        "receivedDate": "2026-08-10T10:55:21.000Z"
      }
    },
    {
      "type": "Feature",
      "geometry": {
        "bbox": [
          -0.6288156335212831,
          51.52291255280715,
          -0.6250601163714686,
          51.52499628988038
        ],
        "type": "Polygon",
        "coordinates": [
          [
            [
              -0.6283506619695041,
              51.52421084075685
            ],
            [
              -0.6281507096120864,
              51.524170928020574
            ],
            [
              -0.6278026314213512,
              51.524100490177865
            ],
            [
              -0.6277957467379967,
              51.524113494822835
            ],
            [
              -0.6277487739351285,
              51.5242035479787
            ],
            [
              -0.6272943126550442,
              51.5241183951644
            ],
            [
              -0.6269892926365833,
              51.52406028047094
            ],
            [
              -0.6268931271126428,
              51.524249098583184
            ],
            [
              -0.6268403958476696,
              51.52435316996505
            ],
            [
              -0.626812581175085,
              51.52440818572269
            ],
            [
              -0.6267340904338388,
              51.52456165887315
            ],
            [
              -0.6266779442896453,
              51.52455093692215
            ],
            [
              -0.6264943688644059,
              51.524514463671494
            ],
            [
              -0.6264713281192402,
              51.524557732329164
            ],
            [
              -0.6264371978825577,
              51.52462486452428
            ],
            [
              -0.6264263376472948,
              51.52462970636121
            ],
            [
              -0.6263879432751961,
              51.524646823636175
            ],
            [
              -0.6263861844739352,
              51.524645488413036
            ],
            [
              -0.6263700957108986,
              51.52465321301276
            ],
            [
              -0.6263269458422064,
              51.52467401886193
            ],
            [
              -0.6263029537040683,
              51.524657875152236
            ],
            [
              -0.6262684384694513,
              51.52463465020972
            ],
            [
              -0.6262047382296114,
              51.5246716644687
            ],
            [
              -0.6262708681684125,
              51.524717405119034
            ],
            [
              -0.6261439249522225,
              51.52499005889182
            ],
            [
              -0.6260783314321237,
              51.52497917387442
            ],
            [
              -0.626042297518707,
              51.52500779607585
            ],
            [
              -0.62527792542424,
              51.52485281201683
            ],
            [
              -0.6255162861426046,
              51.52442592434711
            ],
            [
              -0.6255341783907423,
              51.5244300697604
            ],
            [
              -0.625604990019481,
              51.524445187607185
            ],
            [
              -0.6256138668040957,
              51.52442899807678
            ],
            [
              -0.6256393354160741,
              51.52438262790629
            ],
            [
              -0.6255756843860157,
              51.524369019198105
            ],
            [
              -0.6255516811777,
              51.52436388681489
            ],
            [
              -0.6255544291709773,
              51.52435879356326
            ],
            [
              -0.6255558180510241,
              51.52435575255136
            ],
            [
              -0.625557514067438,
              51.524352085697
            ],
            [
              -0.6256353882533914,
              51.52418440141618
            ],
            [
              -0.6256177520761197,
              51.52418089834922
            ],
            [
              -0.625205325916649,
              51.524098978689324
            ],
            [
              -0.6251735327802088,
              51.52409266331539
            ],
            [
              -0.6251587910434572,
              51.52408916352401
            ],
            [
              -0.6251450985845142,
              51.524084327225474
            ],
            [
              -0.6251320312370859,
              51.524077879689244
            ],
            [
              -0.6251207336491142,
              51.52407010408963
            ],
            [
              -0.6251151596936882,
              51.524064066277965
            ],
            [
              -0.6251066347292161,
              51.52405483229352
            ],
            [
              -0.6251011659541206,
              51.52404496691656
            ],
            [
              -0.6250973384569877,
              51.52402846668705
            ],
            [
              -0.6250946001818062,
              51.52402227507162
            ],
            [
              -0.6250926642897806,
              51.52401681851426
            ],
            [
              -0.6250909946901057,
              51.52401147028405
            ],
            [
              -0.625090522680622,
              51.52400689681228
            ],
            [
              -0.6250900850501099,
              51.524001181758265
            ],
            [
              -0.6251112809296367,
              51.52392926838231
            ],
            [
              -0.6252078271365552,
              51.52374363572784
            ],
            [
              -0.6252623025216575,
              51.52363870787354
            ],
            [
              -0.6255798383538559,
              51.52370150567791
            ],
            [
              -0.6255806008657547,
              51.52370002193718
            ],
            [
              -0.6255811594394773,
              51.523698896386904
            ],
            [
              -0.62558543773526,
              51.52369041938451
            ],
            [
              -0.6255854652959221,
              51.52369036575535
            ],
            [
              -0.6255895779285402,
              51.52368222041564
            ],
            [
              -0.625625976340111,
              51.5236101478395
            ],
            [
              -0.6256955049998375,
              51.523475342135484
            ],
            [
              -0.6256963010176413,
              51.52347379853995
            ],
            [
              -0.6257012056842497,
              51.52346428849505
            ],
            [
              -0.6257012592558499,
              51.523464184815275
            ],
            [
              -0.6257096404163033,
              51.52344793192149
            ],
            [
              -0.6257096817838884,
              51.52344785057879
            ],
            [
              -0.6257174704991417,
              51.523432747117
            ],
            [
              -0.6257175087683808,
              51.52343267293163
            ],
            [
              -0.6257267302904146,
              51.52341479153628
            ],
            [
              -0.6257334459350454,
              51.52340176794437
            ],
            [
              -0.6257334627864738,
              51.52340173487131
            ],
            [
              -0.625765572810927,
              51.523339467260016
            ],
            [
              -0.6257655911844128,
              51.52333943150714
            ],
            [
              -0.625777892618936,
              51.523315577723146
            ],
            [
              -0.6257924420771264,
              51.5232864764558
            ],
            [
              -0.6257926015120344,
              51.52328616000613
            ],
            [
              -0.6258056847039826,
              51.523259990042355
            ],
            [
              -0.6257852111185895,
              51.52325584950117
            ],
            [
              -0.6254717751604625,
              51.52319246093777
            ],
            [
              -0.6255322829058093,
              51.523073845853396
            ],
            [
              -0.6256045646286351,
              51.522932798721726
            ],
            [
              -0.6257564232612058,
              51.52296380163041
            ],
            [
              -0.6259884221323723,
              51.52294224046854
            ],
            [
              -0.6259865123229754,
              51.522933855533275
            ],
            [
              -0.6263502218606413,
              51.52289432344328
            ],
            [
              -0.6264008291899872,
              51.52288430538904
            ],
            [
              -0.6264184126355314,
              51.52292749305597
            ],
            [
              -0.6260686392154354,
              51.52300982956771
            ],
            [
              -0.6260726145149478,
              51.523086283920044
            ],
            [
              -0.6264242458541985,
              51.5231571453183
            ],
            [
              -0.6264232280667954,
              51.52315916199951
            ],
            [
              -0.6264183781654427,
              51.52316877432517
            ],
            [
              -0.6264134393333781,
              51.52317856365123
            ],
            [
              -0.6264081878620665,
              51.523188970664556
            ],
            [
              -0.6263999505317108,
              51.52320529183248
            ],
            [
              -0.6264257578676132,
              51.52321037772728
            ],
            [
              -0.6264448847343832,
              51.52321414990306
            ],
            [
              -0.6265878448281923,
              51.523242344549644
            ],
            [
              -0.6267553340653284,
              51.52327538148463
            ],
            [
              -0.6268971216043089,
              51.523305815424926
            ],
            [
              -0.6270937799623204,
              51.523357033398455
            ],
            [
              -0.6277215320493558,
              51.52348163341115
            ],
            [
              -0.6277787068631727,
              51.523492912715184
            ],
            [
              -0.6278008011189115,
              51.523497334428775
            ],
            [
              -0.6279437842361182,
              51.523525299285964
            ],
            [
              -0.6279046642206997,
              51.523603112706475
            ],
            [
              -0.6279365041680017,
              51.52360940630695
            ],
            [
              -0.6280098814761934,
              51.52362379198679
            ],
            [
              -0.628789681518701,
              51.523776667251916
            ],
            [
              -0.6287777863943915,
              51.52379971141692
            ],
            [
              -0.6287234096787092,
              51.523908048192624
            ],
            [
              -0.6284798871991492,
              51.52439302873654
            ],
            [
              -0.6283536785345258,
              51.52464875790019
            ],
            [
              -0.6283239565819411,
              51.524708248610025
            ],
            [
              -0.6283193170626479,
              51.524717535262376
            ],
            [
              -0.6283189886442755,
              51.5247196382494
            ],
            [
              -0.6283187558876724,
              51.52472234751679
            ],
            [
              -0.6283187540813031,
              51.524725526169384
            ],
            [
              -0.6283190782009922,
              51.52472893972698
            ],
            [
              -0.6283201810478772,
              51.52473397375619
            ],
            [
              -0.6283216627179157,
              51.524738105820276
            ],
            [
              -0.6283233053910726,
              51.5247415329951
            ],
            [
              -0.628325241203306,
              51.52474479904339
            ],
            [
              -0.6283281035943911,
              51.52474874672813
            ],
            [
              -0.6283306458857968,
              51.52475168986028
            ],
            [
              -0.6283328653976936,
              51.5247539575159
            ],
            [
              -0.6283350506291961,
              51.524755974792996
            ],
            [
              -0.6283372395782,
              51.524757820366226
            ],
            [
              -0.6283404737975072,
              51.52476028332179
            ],
            [
              -0.6283437440205931,
              51.524762507510786
            ],
            [
              -0.6283477691147824,
              51.52476493924834
            ],
            [
              -0.6283509066350795,
              51.524766638551085
            ],
            [
              -0.6283550154363661,
              51.52476863515478
            ],
            [
              -0.6283589030788482,
              51.524770316250994
            ],
            [
              -0.6283632881040447,
              51.52477199506916
            ],
            [
              -0.6283668397393475,
              51.52477320105581
            ],
            [
              -0.6283726696127478,
              51.52477491205171
            ],
            [
              -0.6282011039065537,
              51.524736759208245
            ],
            [
              -0.628023779305561,
              51.52469732574714
            ],
            [
              -0.6280289191554858,
              51.524698253580304
            ],
            [
              -0.628032168462641,
              51.52469872679019
            ],
            [
              -0.628036364440472,
              51.52469921286854
            ],
            [
              -0.6280397877720821,
              51.52469950737391
            ],
            [
              -0.6280432022771714,
              51.52469971185592
            ],
            [
              -0.6280472259745357,
              51.5246998389367
            ],
            [
              -0.6280510240405145,
              51.524699847381996
            ],
            [
              -0.628055593219574,
              51.52469971467777
            ],
            [
              -0.6280591052492855,
              51.52469950396989
            ],
            [
              -0.6280638564761197,
              51.52469906946442
            ],
            [
              -0.6280675403139702,
              51.524698609888375
            ],
            [
              -0.6280718302448646,
              51.524697936196254
            ],
            [
              -0.6280752327567163,
              51.52469729259101
            ],
            [
              -0.6280810751683593,
              51.52469594736561
            ],
            [
              -0.6280851815684095,
              51.52469480933786
            ],
            [
              -0.6280890645434594,
              51.524693575180486
            ],
            [
              -0.6280928228365275,
              51.52469222087058
            ],
            [
              -0.6280958299742003,
              51.52469101513724
            ],
            [
              -0.6280996551076059,
              51.52468930732372
            ],
            [
              -0.6281049334707792,
              51.52468658512001
            ],
            [
              -0.6281075790450057,
              51.52468503526071
            ],
            [
              -0.6281104791477335,
              51.524683170060634
            ],
            [
              -0.6281130272011269,
              51.52468136368795
            ],
            [
              -0.6281160584373422,
              51.52467897219038
            ],
            [
              -0.6281190211344635,
              51.52467631912318
            ],
            [
              -0.6281217565603104,
              51.524673506038305
            ],
            [
              -0.6281240181205778,
              51.524670824090926
            ],
            [
              -0.6281256544702096,
              51.52466860871155
            ],
            [
              -0.6281279340520055,
              51.524664943249476
            ],
            [
              -0.6281290286385424,
              51.524662815951295
            ],
            [
              -0.6281303693305931,
              51.52466012593366
            ],
            [
              -0.6281318066925419,
              51.524657241020684
            ],
            [
              -0.6281398337741225,
              51.52464114117902
            ],
            [
              -0.6281538616893309,
              51.524613050526995
            ],
            [
              -0.6283467310082944,
              51.524219095319616
            ],
            [
              -0.6283506619695041,
              51.52421084075685
            ]
          ]
        ]
      },
      "properties": {
        "caseReference": "EN010129",
        "projectName": "Slough Multifuel Extension Project",
        "fileName": "385_EN010129.geojson",
        "receivedDate": "2026-09-03T14:22:33.000Z"
      }
    }
  ]
}
